const unsigned char posture_model_tflite[] = {
0x1c, 0x00, 0x00, 0x00, 0x54, 0x46, 0x4c, 0x33, 0x14, 0x00, 0x20, 0x00, 
0x1c, 0x00, 0x18, 0x00, 0x14, 0x00, 0x10, 0x00, 0x0c, 0x00, 0x00, 0x00, 
0x08, 0x00, 0x04, 0x00, 0x14, 0x00, 0x00, 0x00, 0x1c, 0x00, 0x00, 0x00, 
0x8c, 0x00, 0x00, 0x00, 0xe4, 0x00, 0x00, 0x00, 0x30, 0x37, 0x00, 0x00, 
0x40, 0x37, 0x00, 0x00, 0x94, 0x4d, 0x00, 0x00, 0x03, 0x00, 0x00, 0x00, 
0x01, 0x00, 0x00, 0x00, 0x04, 0x00, 0x00, 0x00, 0xf2, 0xc4, 0xff, 0xff, 
0x0c, 0x00, 0x00, 0x00, 0x1c, 0x00, 0x00, 0x00, 0x3c, 0x00, 0x00, 0x00, 
0x0f, 0x00, 0x00, 0x00, 0x73, 0x65, 0x72, 0x76, 0x69, 0x6e, 0x67, 0x5f, 
0x64, 0x65, 0x66, 0x61, 0x75, 0x6c, 0x74, 0x00, 0x01, 0x00, 0x00, 0x00, 
0x04, 0x00, 0x00, 0x00, 0x90, 0xff, 0xff, 0xff, 0x24, 0x00, 0x00, 0x00, 
0x04, 0x00, 0x00, 0x00, 0x08, 0x00, 0x00, 0x00, 0x6f, 0x75, 0x74, 0x70, 
0x75, 0x74, 0x5f, 0x30, 0x00, 0x00, 0x00, 0x00, 0x01, 0x00, 0x00, 0x00, 
0x04, 0x00, 0x00, 0x00, 0xbe, 0xc7, 0xff, 0xff, 0x04, 0x00, 0x00, 0x00, 
0x0c, 0x00, 0x00, 0x00, 0x6b, 0x65, 0x72, 0x61, 0x73, 0x5f, 0x74, 0x65, 
0x6e, 0x73, 0x6f, 0x72, 0x00, 0x00, 0x00, 0x00, 0x02, 0x00, 0x00, 0x00, 
0x34, 0x00, 0x00, 0x00, 0x04, 0x00, 0x00, 0x00, 0xdc, 0xff, 0xff, 0xff, 
0x27, 0x00, 0x00, 0x00, 0x04, 0x00, 0x00, 0x00, 0x13, 0x00, 0x00, 0x00, 
0x43, 0x4f, 0x4e, 0x56, 0x45, 0x52, 0x53, 0x49, 0x4f, 0x4e, 0x5f, 0x4d, 
0x45, 0x54, 0x41, 0x44, 0x41, 0x54, 0x41, 0x00, 0x08, 0x00, 0x0c, 0x00, 
0x08, 0x00, 0x04, 0x00, 0x08, 0x00, 0x00, 0x00, 0x26, 0x00, 0x00, 0x00, 
0x04, 0x00, 0x00, 0x00, 0x13, 0x00, 0x00, 0x00, 0x6d, 0x69, 0x6e, 0x5f, 
0x72, 0x75, 0x6e, 0x74, 0x69, 0x6d, 0x65, 0x5f, 0x76, 0x65, 0x72, 0x73, 
0x69, 0x6f, 0x6e, 0x00, 0x28, 0x00, 0x00, 0x00, 0x48, 0x36, 0x00, 0x00, 
0x40, 0x36, 0x00, 0x00, 0xf0, 0x35, 0x00, 0x00, 0xa0, 0x35, 0x00, 0x00, 
0x70, 0x35, 0x00, 0x00, 0x54, 0x35, 0x00, 0x00, 0x38, 0x35, 0x00, 0x00, 
0x1c, 0x35, 0x00, 0x00, 0x00, 0x35, 0x00, 0x00, 0xe4, 0x34, 0x00, 0x00, 
0xd4, 0x2e, 0x00, 0x00, 0x64, 0x2e, 0x00, 0x00, 0x94, 0x2d, 0x00, 0x00, 
0x84, 0x01, 0x00, 0x00, 0x70, 0x01, 0x00, 0x00, 0x68, 0x01, 0x00, 0x00, 
0x54, 0x01, 0x00, 0x00, 0x40, 0x01, 0x00, 0x00, 0x2c, 0x01, 0x00, 0x00, 
0x24, 0x01, 0x00, 0x00, 0x1c, 0x01, 0x00, 0x00, 0x14, 0x01, 0x00, 0x00, 
0x0c, 0x01, 0x00, 0x00, 0x04, 0x01, 0x00, 0x00, 0xfc, 0x00, 0x00, 0x00, 
0xf4, 0x00, 0x00, 0x00, 0xec, 0x00, 0x00, 0x00, 0xe4, 0x00, 0x00, 0x00, 
0xdc, 0x00, 0x00, 0x00, 0xd4, 0x00, 0x00, 0x00, 0xcc, 0x00, 0x00, 0x00, 
0xc4, 0x00, 0x00, 0x00, 0xbc, 0x00, 0x00, 0x00, 0xb4, 0x00, 0x00, 0x00, 
0xac, 0x00, 0x00, 0x00, 0xa4, 0x00, 0x00, 0x00, 0x9c, 0x00, 0x00, 0x00, 
0x94, 0x00, 0x00, 0x00, 0x74, 0x00, 0x00, 0x00, 0x04, 0x00, 0x00, 0x00, 
0xda, 0xc8, 0xff, 0xff, 0x04, 0x00, 0x00, 0x00, 0x60, 0x00, 0x00, 0x00, 
0x10, 0x00, 0x00, 0x00, 0x00, 0x00, 0x00, 0x00, 0x08, 0x00, 0x0e, 0x00, 
0x08, 0x00, 0x04, 0x00, 0x08, 0x00, 0x00, 0x00, 0x10, 0x00, 0x00, 0x00, 
0x24, 0x00, 0x00, 0x00, 0x00, 0x00, 0x06, 0x00, 0x08, 0x00, 0x04, 0x00, 
0x06, 0x00, 0x00, 0x00, 0x04, 0x00, 0x00, 0x00, 0x00, 0x00, 0x00, 0x00, 
0x0c, 0x00, 0x18, 0x00, 0x14, 0x00, 0x10, 0x00, 0x0c, 0x00, 0x04, 0x00, 
0x0c, 0x00, 0x00, 0x00, 0x63, 0x4f, 0x11, 0x2e, 0x57, 0xf6, 0x49, 0x04, 
0x02, 0x00, 0x00, 0x00, 0x02, 0x00, 0x00, 0x00, 0x04, 0x00, 0x00, 0x00, 
0x06, 0x00, 0x00, 0x00, 0x32, 0x2e, 0x32, 0x31, 0x2e, 0x30, 0x00, 0x00, 
0x46, 0xc9, 0xff, 0xff, 0x04, 0x00, 0x00, 0x00, 0x10, 0x00, 0x00, 0x00, 
0x31, 0x2e, 0x31, 0x31, 0x2e, 0x30, 0x00, 0x00, 0x00, 0x00, 0x00, 0x00, 
0x00, 0x00, 0x00, 0x00, 0xac, 0xb4, 0xff, 0xff, 0xb0, 0xb4, 0xff, 0xff, 
0xb4, 0xb4, 0xff, 0xff, 0xb8, 0xb4, 0xff, 0xff, 0xbc, 0xb4, 0xff, 0xff, 
0xc0, 0xb4, 0xff, 0xff, 0xc4, 0xb4, 0xff, 0xff, 0xc8, 0xb4, 0xff, 0xff, 
0xcc, 0xb4, 0xff, 0xff, 0xd0, 0xb4, 0xff, 0xff, 0xd4, 0xb4, 0xff, 0xff, 
0xd8, 0xb4, 0xff, 0xff, 0xdc, 0xb4, 0xff, 0xff, 0xe0, 0xb4, 0xff, 0xff, 
0xe4, 0xb4, 0xff, 0xff, 0xe8, 0xb4, 0xff, 0xff, 0xec, 0xb4, 0xff, 0xff, 
0xf0, 0xb4, 0xff, 0xff, 0xf4, 0xb4, 0xff, 0xff, 0xae, 0xc9, 0xff, 0xff, 
0x04, 0x00, 0x00, 0x00, 0x04, 0x00, 0x00, 0x00, 0xfd, 0xff, 0xff, 0xff, 
0xbe, 0xc9, 0xff, 0xff, 0x04, 0x00, 0x00, 0x00, 0x04, 0x00, 0x00, 0x00, 
0xb0, 0x00, 0x00, 0x00, 0xce, 0xc9, 0xff, 0xff, 0x04, 0x00, 0x00, 0x00, 
0x04, 0x00, 0x00, 0x00, 0x00, 0x00, 0x00, 0x00, 0x28, 0xb5, 0xff, 0xff, 
0xe2, 0xc9, 0xff, 0xff, 0x04, 0x00, 0x00, 0x00, 0x04, 0x00, 0x00, 0x00, 
0x01, 0x00, 0x00, 0x00, 0xf2, 0xc9, 0xff, 0xff, 0x04, 0x00, 0x00, 0x00, 
0x00, 0x2c, 0x00, 0x00, 0x35, 0x93, 0x09, 0x3e, 0x5f, 0x2d, 0x21, 0xbe, 
0x50, 0x17, 0x4b, 0x3d, 0x6c, 0xa7, 0x06, 0xbe, 0x34, 0x09, 0xc3, 0xbc, 
0x9c, 0x06, 0x8b, 0xbd, 0x66, 0xa5, 0xfc, 0x3c, 0x2c, 0xed, 0x27, 0xbd, 
0x29, 0xf3, 0x2a, 0xbe, 0xf3, 0xf2, 0x0c, 0xbd, 0x94, 0x7c, 0x8b, 0x3d, 
0x4a, 0xde, 0x71, 0xbd, 0x80, 0xdc, 0xc9, 0x3d, 0x76, 0x5e, 0xa7, 0x3c, 
0x72, 0xa8, 0x64, 0x3d, 0xf0, 0x40, 0xc6, 0xbd, 0x86, 0x13, 0x30, 0xbe, 
0xc8, 0xc6, 0x2a, 0x3d, 0x5f, 0x77, 0x0b, 0x3e, 0x98, 0x5e, 0x00, 0xbe, 
0x1a, 0x72, 0xb1, 0x3d, 0x03, 0xce, 0x14, 0x3e, 0x44, 0x4d, 0x03, 0x3d, 
0xf7, 0x3c, 0xde, 0xbd, 0xc0, 0x33, 0x13, 0x3d, 0x8e, 0x33, 0x1a, 0x3e, 
0xe6, 0x4b, 0x42, 0xbd, 0xac, 0x4c, 0x8c, 0xbd, 0xd8, 0xc7, 0x41, 0x3d, 
0xe0, 0x49, 0xc9, 0xbd, 0xda, 0x81, 0xb6, 0x3d, 0x00, 0x00, 0x96, 0x3d, 
0x04, 0x9a, 0x8b, 0xbd, 0x70, 0xe4, 0x74, 0x3c, 0xcc, 0xac, 0x4f, 0x3d, 
0x86, 0x45, 0xb4, 0xbd, 0xf8, 0xa2, 0xf7, 0x3d, 0x13, 0x5f, 0x9b, 0xbc, 
0x74, 0x92, 0x07, 0x3c, 0x3d, 0x7f, 0x34, 0xbe, 0xb8, 0xf6, 0xce, 0x3c, 
0xb3, 0x58, 0xe9, 0x3d, 0xc0, 0x82, 0x6d, 0xbd, 0x8e, 0xf2, 0x08, 0xbe, 
0xcd, 0x8e, 0x01, 0x3e, 0x6a, 0xc5, 0x1d, 0x3c, 0xd3, 0xee, 0x0b, 0x3e, 
0x41, 0x6d, 0xcc, 0x3d, 0xa5, 0x31, 0x8f, 0x3d, 0xe4, 0x3d, 0x24, 0xbd, 
0x80, 0x39, 0x74, 0xbd, 0xac, 0xe9, 0x08, 0xbe, 0x4b, 0x59, 0x3b, 0x3d, 
0x4e, 0x77, 0x2b, 0xbe, 0x5c, 0x4c, 0x1e, 0xbe, 0xc0, 0x04, 0xbd, 0xbb, 
0x38, 0x74, 0x32, 0x3d, 0x5f, 0x10, 0x31, 0xbe, 0x11, 0x43, 0x15, 0xbe, 
0x77, 0x06, 0x24, 0xbe, 0x6b, 0xf8, 0x01, 0xbe, 0xee, 0x3a, 0x8e, 0xbd, 
0xa8, 0x1e, 0x29, 0xbe, 0xa7, 0x7f, 0x1a, 0xbd, 0x4d, 0x18, 0xb2, 0x3d, 
0x50, 0x77, 0x2c, 0xbd, 0xcc, 0x2f, 0x0f, 0xbd, 0x30, 0x02, 0x9c, 0xbd, 
0xa5, 0x49, 0x17, 0x3e, 0x7c, 0xbd, 0xe5, 0xbd, 0xb5, 0x9b, 0xc3, 0xbd, 
0xd3, 0xb4, 0xc5, 0xbd, 0x90, 0xa9, 0xa7, 0xbc, 0xa4, 0x99, 0xef, 0xbd, 
0xca, 0x3b, 0xa3, 0x3d, 0xd6, 0x49, 0x81, 0x3b, 0x96, 0xfd, 0xc5, 0x3b, 
0xd0, 0xbe, 0x07, 0xbd, 0x6d, 0xe3, 0x1b, 0x3e, 0xa2, 0xb5, 0x80, 0x3d, 
0xdd, 0x0b, 0x79, 0x3d, 0x26, 0x62, 0xa9, 0x3d, 0x69, 0x9b, 0x08, 0x3e, 
0x09, 0x76, 0x15, 0x3e, 0x4a, 0xa8, 0x97, 0xbd, 0xac, 0x2c, 0xab, 0xbd, 
0x6a, 0x80, 0x21, 0xbe, 0x01, 0x57, 0x18, 0x3e, 0xd8, 0xb3, 0xb6, 0xbd, 
0xad, 0x4c, 0xae, 0xbd, 0x01, 0x6e, 0xd2, 0xbd, 0x80, 0xb7, 0xb7, 0x3b, 
0x22, 0xe8, 0x8b, 0x3d, 0x9a, 0xd2, 0x24, 0xbe, 0xb1, 0x93, 0x27, 0xbe, 
0x56, 0x4e, 0x2e, 0xbe, 0x25, 0xd8, 0x06, 0xbe, 0x26, 0xbd, 0xbb, 0x3d, 
0xa1, 0xad, 0x02, 0xbe, 0xac, 0x8e, 0xcc, 0xbd, 0xa7, 0x05, 0xd9, 0xbd, 
0xe0, 0xbc, 0x8e, 0xbb, 0x2e, 0xc5, 0x0a, 0x3d, 0x52, 0xb2, 0xd8, 0x3d, 
0x1e, 0xa5, 0x03, 0xbe, 0xbd, 0x3e, 0x34, 0xbe, 0x33, 0x3c, 0x03, 0x3e, 
0xa8, 0x1c, 0x46, 0x3d, 0xe3, 0x01, 0x0f, 0xbe, 0x63, 0xad, 0x1a, 0xbc, 
0x2b, 0x9d, 0x06, 0x3e, 0x3c, 0x38, 0x9d, 0x3b, 0x4f, 0x00, 0x32, 0xbe, 
0xda, 0x96, 0xfa, 0x3d, 0x20, 0x3b, 0x4b, 0xbc, 0xd2, 0x40, 0x6e, 0xbd, 
0x36, 0x17, 0xc6, 0xbd, 0xc9, 0xd1, 0xdf, 0xbd, 0xa8, 0x9a, 0xf2, 0x3b, 
0x7f, 0x30, 0x17, 0xbe, 0xf0, 0xd8, 0x27, 0xbc, 0x7d, 0x0c, 0x15, 0x3e, 
0xa0, 0x30, 0x3b, 0x3c, 0x4d, 0x0b, 0x00, 0x3e, 0x21, 0xa3, 0xfb, 0x3d, 
0x7e, 0xa9, 0xd4, 0x3d, 0x62, 0x55, 0xcf, 0x3d, 0x16, 0x71, 0xda, 0xbd, 
0xa1, 0xd7, 0x1d, 0x3e, 0xd6, 0xbe, 0xd1, 0x3d, 0x15, 0x9d, 0x27, 0x3e, 
0x44, 0x90, 0x26, 0x3d, 0x53, 0x67, 0xee, 0x3d, 0xb2, 0x47, 0x90, 0xbd, 
0x4e, 0xce, 0x01, 0xbd, 0xd6, 0xb7, 0xbb, 0x3d, 0x20, 0x8c, 0x17, 0xbc, 
0x40, 0x0d, 0x38, 0x3d, 0xbb, 0x92, 0x12, 0xbe, 0x17, 0xb7, 0x17, 0x3e, 
0x9b, 0xbd, 0xca, 0x3d, 0xfa, 0xa9, 0x01, 0x3e, 0x8b, 0xaa, 0x2d, 0x3e, 
0x48, 0xc6, 0x94, 0xbd, 0x91, 0x0a, 0x16, 0x3e, 0xe1, 0xc9, 0x31, 0xbe, 
0x9f, 0x2f, 0x11, 0x3e, 0x32, 0xdf, 0xdf, 0x3d, 0xeb, 0x5d, 0xf4, 0x3d, 
0xae, 0x3f, 0x39, 0xbe, 0x33, 0x2e, 0xf7, 0x3d, 0x07, 0xcc, 0x29, 0x3e, 
0xdf, 0x0c, 0x9a, 0xbd, 0xf9, 0xba, 0xda, 0x3d, 0x99, 0xab, 0x2e, 0x3e, 
0xd5, 0x30, 0x2d, 0xbe, 0x55, 0x2b, 0x05, 0xbe, 0x10, 0xcd, 0x23, 0xbe, 
0x5f, 0x7f, 0x8a, 0xbd, 0xd4, 0xa3, 0xb6, 0x3d, 0xc9, 0x47, 0xb6, 0xbd, 
0x3d, 0x52, 0x99, 0xbd, 0x88, 0x40, 0xdc, 0x3c, 0x38, 0xc5, 0xa8, 0xbd, 
0x50, 0xfe, 0xba, 0x3d, 0x27, 0x33, 0x9a, 0x3d, 0xba, 0x01, 0xc3, 0xbd, 
0x70, 0xc2, 0x39, 0x3d, 0x61, 0x6c, 0x2c, 0x3e, 0x55, 0x10, 0x5d, 0xbd, 
0xf9, 0x80, 0x07, 0x3e, 0x40, 0x27, 0x60, 0x3b, 0x3a, 0x32, 0xac, 0x3d, 
0xda, 0x3a, 0x1b, 0xbd, 0x7f, 0xd8, 0x33, 0x3e, 0x41, 0x23, 0xb0, 0xbc, 
0xee, 0xcf, 0xcf, 0xbd, 0xa8, 0xeb, 0xae, 0x3c, 0x2e, 0xa1, 0x1b, 0xbe, 
0x1f, 0x62, 0x2f, 0xbe, 0xde, 0xa0, 0x20, 0xbe, 0x18, 0x7a, 0xe6, 0xbd, 
0xe0, 0xb0, 0xeb, 0x3c, 0x28, 0x91, 0x31, 0xbd, 0x54, 0x3e, 0xc3, 0xbd, 
0xd3, 0x48, 0x28, 0x3e, 0x54, 0x3d, 0x47, 0x3d, 0x0c, 0x3b, 0x23, 0xbe, 
0xbd, 0xfe, 0x2e, 0x3e, 0xb0, 0x5a, 0x2f, 0x3c, 0x0b, 0xc5, 0xeb, 0xbd, 
0xc6, 0xd9, 0xa3, 0x3d, 0x74, 0x7f, 0x47, 0xbd, 0x2e, 0xf8, 0xb0, 0x3d, 
0x41, 0xd7, 0x10, 0xbe, 0xfa, 0xb3, 0x01, 0xbe, 0xdb, 0xf4, 0xe8, 0xbd, 
0x7f, 0x05, 0x1f, 0xbe, 0x04, 0x1b, 0x58, 0x3d, 0xcc, 0x7c, 0x0e, 0xbe, 
0xfd, 0xf2, 0x12, 0x3e, 0x68, 0x0d, 0x75, 0xbd, 0x2c, 0xe6, 0x19, 0xbd, 
0x53, 0x6a, 0xae, 0xbd, 0x60, 0xf7, 0x53, 0xbd, 0xc6, 0x02, 0x9e, 0xbd, 
0x99, 0xa0, 0x16, 0x3e, 0xb5, 0x42, 0x07, 0x3e, 0xd0, 0xa6, 0x60, 0x3d, 
0x28, 0x23, 0x99, 0x3c, 0x8f, 0x28, 0x33, 0x3e, 0xdc, 0x2f, 0x03, 0xbd, 
0x19, 0xce, 0x1a, 0xbe, 0xaa, 0xb1, 0x74, 0xbd, 0xe8, 0xa2, 0xa8, 0xbc, 
0x88, 0x72, 0xc9, 0x3c, 0x10, 0x48, 0xde, 0x3c, 0x98, 0xdc, 0xf6, 0xbc, 
0x20, 0x05, 0x1d, 0x3d, 0x53, 0xb4, 0x0f, 0x3e, 0x42, 0x60, 0xa9, 0x3d, 
0x78, 0x76, 0x7b, 0xbd, 0x36, 0x0d, 0xe4, 0xbd, 0x5d, 0x28, 0x2a, 0x3e, 
0x59, 0x2d, 0x1d, 0xbe, 0xb8, 0x99, 0xc2, 0xbc, 0x64, 0xe8, 0x50, 0xbd, 
0xb4, 0x15, 0x15, 0xbe, 0x80, 0x54, 0xbd, 0xbd, 0x18, 0x19, 0xbb, 0xbd, 
0x8c, 0xe5, 0xe7, 0xbd, 0x77, 0x89, 0xad, 0xbd, 0x68, 0x3a, 0xb4, 0xbd, 
0xb0, 0x9f, 0xed, 0x3c, 0xad, 0xc1, 0x8c, 0xbd, 0xaa, 0x6f, 0xf6, 0x3d, 
0x04, 0x96, 0x2d, 0xbe, 0x51, 0x0e, 0x33, 0x3e, 0x69, 0x04, 0x2e, 0xbe, 
0x78, 0x19, 0x23, 0x3d, 0x91, 0x69, 0xd1, 0xbd, 0x73, 0x0f, 0x15, 0x3e, 
0x80, 0x33, 0xec, 0xba, 0x00, 0xb0, 0x3c, 0x3b, 0xe8, 0xff, 0x93, 0x3d, 
0x53, 0x94, 0x16, 0xbe, 0xa0, 0xe3, 0xc2, 0x3b, 0xbf, 0xd2, 0xe2, 0xbd, 
0x1c, 0xd1, 0x49, 0xbd, 0xab, 0x2e, 0x25, 0x3e, 0xf0, 0xa0, 0x4e, 0xbd, 
0x62, 0x6d, 0x86, 0xbd, 0x00, 0xe2, 0xbe, 0xbb, 0x18, 0x6d, 0xee, 0x3c, 
0xd2, 0xa0, 0x33, 0xbe, 0x5a, 0x13, 0xe5, 0x3d, 0x5a, 0x4d, 0xc8, 0xbd, 
0x20, 0xc3, 0x11, 0x3d, 0xd2, 0xbe, 0xc0, 0x3d, 0xc2, 0xde, 0x99, 0x3d, 
0xe2, 0x74, 0x8d, 0x3d, 0x82, 0x6d, 0x9d, 0xbd, 0xe0, 0x55, 0xb8, 0x3b, 
0xa0, 0xc4, 0xb8, 0xbd, 0x60, 0x21, 0x0d, 0xbe, 0xe2, 0xd2, 0xaf, 0x3d, 
0x90, 0xf3, 0xad, 0x3c, 0x62, 0x17, 0xf0, 0x3d, 0xa5, 0xcb, 0x24, 0x3e, 
0xb3, 0x2b, 0x19, 0xbe, 0x3b, 0xdb, 0x19, 0x3e, 0x6d, 0xca, 0x30, 0xbe, 
0x28, 0xe5, 0x93, 0x3c, 0xd1, 0x1d, 0x0e, 0x3e, 0x5e, 0x1b, 0x8d, 0xbd, 
0xc0, 0x18, 0xb5, 0x3c, 0x48, 0x86, 0xcb, 0x3c, 0x46, 0xb7, 0x57, 0xbd, 
0x16, 0x75, 0xe3, 0x3d, 0xc8, 0xcc, 0x1d, 0xbd, 0x54, 0xeb, 0x6e, 0x3d, 
0x43, 0x7d, 0x32, 0xbe, 0x0f, 0x62, 0xc3, 0xbd, 0xf6, 0xdc, 0xee, 0xbd, 
0xf4, 0x6a, 0x09, 0xbd, 0x00, 0xab, 0x19, 0x3c, 0x54, 0x2a, 0x32, 0xbd, 
0x8e, 0xf6, 0xc3, 0x3d, 0xd9, 0x3c, 0xe9, 0xbd, 0x52, 0xe3, 0xd1, 0x3d, 
0xea, 0xdc, 0x14, 0xbe, 0x00, 0x99, 0xd8, 0x3c, 0x38, 0xf3, 0xad, 0xbd, 
0xf6, 0x91, 0xa1, 0x3d, 0x64, 0x43, 0x08, 0x3d, 0x8a, 0xd8, 0xea, 0x3d, 
0x80, 0xdc, 0xe7, 0xbc, 0x02, 0x7a, 0xd5, 0xbd, 0x9e, 0x04, 0xd2, 0x3d, 
0xc3, 0x48, 0x23, 0x3e, 0x6b, 0x09, 0xda, 0xbd, 0x89, 0x36, 0x05, 0x3e, 
0xc0, 0x1b, 0x98, 0x3c, 0x17, 0x56, 0x0d, 0x3e, 0x05, 0x34, 0x2c, 0xbe, 
0xaa, 0xda, 0xd1, 0x3d, 0xde, 0xa0, 0x6f, 0xbd, 0xc8, 0x1a, 0x2f, 0xbe, 
0x54, 0x77, 0x34, 0xbe, 0x03, 0xdb, 0x29, 0xbe, 0xc3, 0xaf, 0xca, 0xbd, 
0xec, 0xa6, 0x67, 0x3d, 0x30, 0x30, 0x24, 0xbd, 0x20, 0xf6, 0x16, 0x3d, 
0x82, 0xc1, 0xc9, 0x3d, 0x7b, 0xb8, 0x0f, 0x3e, 0xde, 0xdd, 0xee, 0x3d, 
0xd6, 0x6d, 0x80, 0xbd, 0x94, 0x2f, 0x6e, 0x3d, 0x12, 0x1d, 0x15, 0xbe, 
0xb3, 0xaa, 0x33, 0x3e, 0x38, 0x33, 0xf4, 0xbd, 0x89, 0x01, 0xc4, 0xbd, 
0x7b, 0x0e, 0x07, 0x3e, 0x7b, 0x13, 0x04, 0xbe, 0x03, 0xd6, 0x0f, 0x3e, 
0x43, 0x90, 0xdd, 0xbd, 0x10, 0x52, 0x4a, 0x3d, 0x60, 0xdd, 0xa6, 0x3b, 
0x09, 0x89, 0x15, 0x3e, 0xb0, 0x5a, 0x5b, 0xbc, 0x7a, 0x49, 0x0e, 0xbe, 
0x29, 0x6d, 0x11, 0x3e, 0x0e, 0x9d, 0xd9, 0xbd, 0xf0, 0x76, 0xb7, 0xbd, 
0x6e, 0x50, 0xf9, 0x3d, 0x04, 0x59, 0x72, 0xbd, 0x4e, 0x9b, 0xa6, 0x3d, 
0xd2, 0xa6, 0xb6, 0x3d, 0x2a, 0xde, 0x0b, 0xbe, 0x59, 0x76, 0x01, 0xbe, 
0x60, 0x39, 0x3e, 0x3c, 0x48, 0x14, 0x3a, 0x3d, 0xe0, 0x5b, 0xf8, 0xbb, 
0x63, 0x38, 0x0e, 0x3e, 0xa0, 0x58, 0xb8, 0xbb, 0x0e, 0x96, 0xa1, 0x3d, 
0x60, 0x6f, 0xe8, 0x3c, 0xa0, 0x08, 0x9a, 0xbd, 0x59, 0xfa, 0x2d, 0xbe, 
0x8a, 0xb6, 0xf9, 0x3d, 0x8f, 0xfa, 0x11, 0xbe, 0x15, 0xc3, 0xcd, 0xbc, 
0x1c, 0xac, 0x02, 0x3d, 0x22, 0x1f, 0xd3, 0x3d, 0x6c, 0x7f, 0x03, 0xbe, 
0xcc, 0xf3, 0xcc, 0xbd, 0x1a, 0x7c, 0x63, 0xbd, 0xe7, 0x17, 0x47, 0xbd, 
0xd4, 0x82, 0x02, 0xbe, 0xe5, 0xf0, 0x0a, 0xbe, 0xc3, 0x97, 0x46, 0x3b, 
0xaa, 0xd3, 0x38, 0xbe, 0xb8, 0x74, 0xe4, 0x3c, 0x2c, 0x69, 0x20, 0xbe, 
0xea, 0x5d, 0x2b, 0x3d, 0x6a, 0xfe, 0x04, 0xbd, 0x84, 0xb6, 0xc8, 0xbb, 
0xb0, 0x1f, 0x83, 0x3d, 0xa1, 0xb5, 0x11, 0xbe, 0xdf, 0xf8, 0x91, 0xbd, 
0x1d, 0x0a, 0xfd, 0x3d, 0x2f, 0xe6, 0xdb, 0xbd, 0x7c, 0xc3, 0x8b, 0x3d, 
0x1d, 0xd0, 0xeb, 0x3d, 0x20, 0x90, 0x17, 0x3c, 0x1b, 0x3b, 0x0a, 0x3e, 
0x64, 0xe3, 0x08, 0x3e, 0x4e, 0xa6, 0x5d, 0x3d, 0x84, 0xcf, 0x2a, 0xbe, 
0xc9, 0x15, 0x0e, 0xbe, 0x2b, 0x8d, 0x28, 0x3e, 0xfd, 0xbd, 0x53, 0x3d, 
0x7e, 0xf2, 0xd5, 0xbd, 0xbf, 0xa1, 0x54, 0xbd, 0xbc, 0xa8, 0x8a, 0x3d, 
0x5b, 0x5c, 0x26, 0xbe, 0x2d, 0xb2, 0x3a, 0xbe, 0x86, 0x9b, 0x06, 0x3e, 
0x1e, 0xd3, 0x42, 0xbd, 0x88, 0x6f, 0xfe, 0x3d, 0x3b, 0x04, 0x57, 0xbc, 
0x63, 0xe9, 0xbe, 0xbd, 0x25, 0x06, 0x0f, 0xbd, 0xb2, 0xb0, 0x10, 0x3e, 
0x6b, 0x3c, 0x30, 0x3c, 0x6d, 0x19, 0xe2, 0x3d, 0xb2, 0xd3, 0xe0, 0x3d, 
0x05, 0x14, 0xe5, 0xbb, 0xa1, 0xf8, 0x1f, 0xbe, 0xc1, 0x1f, 0xe2, 0x3d, 
0xad, 0xfa, 0x1d, 0x3e, 0x71, 0xff, 0xc6, 0xbd, 0x08, 0xc3, 0x3d, 0x3d, 
0xaa, 0x3e, 0x4d, 0xbb, 0x17, 0x9e, 0x2c, 0xbc, 0xa0, 0x6a, 0x86, 0x3d, 
0x62, 0xba, 0xea, 0x3d, 0xc0, 0xa8, 0xf1, 0x3b, 0x3b, 0x0c, 0xbd, 0x3d, 
0x16, 0x47, 0xd1, 0x3d, 0x5f, 0x24, 0x28, 0x3e, 0x63, 0x34, 0x89, 0xbd, 
0xa6, 0x68, 0xa0, 0xbb, 0x93, 0x4a, 0x00, 0x3e, 0x97, 0x4d, 0x00, 0x3e, 
0xe0, 0x9e, 0xbd, 0x3d, 0xc2, 0xa1, 0xde, 0x3d, 0x96, 0x25, 0xd2, 0x3d, 
0x77, 0x6d, 0x06, 0x3e, 0x50, 0x76, 0xc0, 0xbd, 0x1b, 0x3e, 0xf8, 0xbd, 
0x31, 0xdc, 0xee, 0xbd, 0x1b, 0xf4, 0xd7, 0xbd, 0x9e, 0xc8, 0xb5, 0x3d, 
0x5b, 0xa5, 0x77, 0xbd, 0x49, 0xb2, 0x68, 0x3d, 0x0d, 0x7c, 0xeb, 0x3b, 
0x97, 0x99, 0x5e, 0x3c, 0xaa, 0xcf, 0x4b, 0x39, 0x28, 0x5d, 0x9b, 0xbc, 
0xce, 0x4a, 0xe2, 0xbc, 0x74, 0x6c, 0x65, 0xbc, 0x9d, 0x88, 0x1a, 0xbe, 
0x8f, 0x65, 0x22, 0xbe, 0x72, 0x12, 0x80, 0x3d, 0x00, 0x50, 0x9b, 0xbd, 
0x33, 0x0f, 0xc0, 0x3d, 0xf0, 0x0c, 0x27, 0x3e, 0x20, 0xf9, 0xd5, 0xbb, 
0xf0, 0x52, 0x8a, 0x3c, 0x13, 0x73, 0xfd, 0x3d, 0x13, 0x3a, 0xaa, 0x3d, 
0x00, 0xb8, 0xed, 0xb9, 0xb0, 0x31, 0x38, 0xbe, 0x16, 0x78, 0x14, 0xbe, 
0x40, 0x81, 0x52, 0x3b, 0x8d, 0x7a, 0xce, 0xbd, 0xc5, 0x2d, 0x36, 0xbe, 
0x26, 0x2c, 0xc5, 0x3d, 0x00, 0x92, 0x6c, 0x3a, 0xc0, 0x9f, 0x1e, 0x3c, 
0x61, 0x97, 0x4e, 0xbd, 0x81, 0xcb, 0x43, 0xbd, 0xa8, 0xd0, 0x03, 0x3e, 
0xe8, 0x36, 0x43, 0xbd, 0xcc, 0x35, 0x91, 0xbd, 0x3d, 0xa9, 0x29, 0xbe, 
0x9d, 0xff, 0x0e, 0xbe, 0xfb, 0xca, 0xcf, 0xbd, 0xd9, 0x86, 0x04, 0xbd, 
0x5f, 0xd2, 0x1e, 0xbe, 0x08, 0xc9, 0x20, 0x3d, 0x71, 0xf8, 0xa4, 0x3d, 
0x01, 0xdc, 0x9f, 0x3d, 0x60, 0x0d, 0x63, 0x3d, 0x00, 0x32, 0x9a, 0x39, 
0x68, 0x17, 0x4e, 0xbd, 0x15, 0xfb, 0x30, 0xbd, 0x58, 0x42, 0xb4, 0xbc, 
0x1e, 0x80, 0x0b, 0xbd, 0x62, 0x5f, 0x0b, 0xbe, 0xb2, 0x35, 0xc6, 0x3d, 
0x09, 0x48, 0x17, 0x3e, 0xfa, 0xf8, 0xaa, 0x3d, 0x62, 0x44, 0x28, 0xbe, 
0xc7, 0x21, 0xb4, 0xbc, 0xfa, 0xda, 0xb2, 0xbd, 0xb0, 0xab, 0x61, 0x3c, 
0xc2, 0x0d, 0x64, 0x3d, 0x53, 0x5f, 0xee, 0x3b, 0x5c, 0x06, 0x52, 0x3d, 
0x88, 0x5c, 0x15, 0x3d, 0x6a, 0x46, 0xa6, 0x3d, 0x8a, 0xbe, 0x61, 0x3d, 
0x72, 0x8f, 0x48, 0x3c, 0xb8, 0xb8, 0x99, 0x3c, 0xd0, 0xd6, 0xaa, 0xbc, 
0xfc, 0x53, 0x25, 0xbe, 0xd2, 0x7b, 0x09, 0x3e, 0xa8, 0x15, 0x9b, 0x3c, 
0x8e, 0x66, 0x6b, 0xbd, 0x6c, 0x22, 0x1a, 0xbe, 0xc3, 0x43, 0x1d, 0x3e, 
0x24, 0x3b, 0x0e, 0xbd, 0x52, 0xae, 0x00, 0xbe, 0x77, 0xea, 0x2e, 0x3d, 
0x7a, 0x20, 0x5c, 0xbd, 0x4e, 0xea, 0x9d, 0x3d, 0xe0, 0x69, 0x77, 0xbc, 
0xa2, 0x07, 0x07, 0xbd, 0x11, 0x3c, 0x20, 0x3e, 0x9d, 0xa5, 0x6f, 0x3d, 
0x40, 0x1c, 0xa9, 0xbb, 0x18, 0x38, 0x2a, 0xbe, 0xc9, 0x9c, 0xef, 0x3c, 
0x20, 0xda, 0x5e, 0xbd, 0xd0, 0x1a, 0x80, 0x3c, 0x97, 0x5a, 0x15, 0xbe, 
0x61, 0x6b, 0xdf, 0x3d, 0xc5, 0x2a, 0x1d, 0x3e, 0x5a, 0x68, 0x87, 0xbd, 
0x27, 0x67, 0x54, 0xbd, 0x44, 0x72, 0x3c, 0x3d, 0x62, 0x16, 0xa9, 0x3d, 
0x00, 0x78, 0x6b, 0xb9, 0xe0, 0xbf, 0x98, 0xbd, 0x4e, 0x41, 0x21, 0xbe, 
0x17, 0xab, 0xae, 0xbb, 0x20, 0x0d, 0xc1, 0x3b, 0x12, 0x6f, 0xf2, 0x3d, 
0x58, 0xb9, 0x1f, 0x3d, 0x1c, 0xd9, 0x07, 0xbd, 0x22, 0x1b, 0xd2, 0x3d, 
0x77, 0xd6, 0xae, 0xbd, 0xac, 0x35, 0x21, 0xbd, 0xb4, 0xf6, 0xfa, 0xbd, 
0x69, 0x5d, 0x1d, 0x3e, 0xdf, 0x65, 0x05, 0x3e, 0x1d, 0x82, 0x34, 0xbe, 
0x92, 0xae, 0xbd, 0xbd, 0xe3, 0xb8, 0x20, 0xbe, 0x2a, 0x42, 0xaa, 0x3d, 
0x64, 0x5d, 0x73, 0xbd, 0x0f, 0x46, 0x4e, 0xbc, 0x9c, 0xfa, 0x81, 0xbd, 
0x46, 0x9c, 0x28, 0xbe, 0x02, 0x58, 0x7a, 0xbd, 0x2d, 0xbd, 0x13, 0xbe, 
0xc1, 0xa4, 0x27, 0x3e, 0x10, 0x66, 0x03, 0x3e, 0xf9, 0x58, 0xdc, 0xbd, 
0xde, 0x08, 0x8a, 0xbc, 0x93, 0x21, 0x16, 0xbe, 0x83, 0xc2, 0xa3, 0xbd, 
0x10, 0x7d, 0x4c, 0xbd, 0xd3, 0xce, 0xad, 0xbd, 0x7f, 0x12, 0x82, 0xbd, 
0x5a, 0x52, 0xd7, 0xbd, 0xc3, 0xd3, 0x61, 0xbc, 0xe3, 0x4b, 0x7b, 0xbc, 
0x5e, 0xe1, 0xd7, 0x3d, 0x9e, 0x10, 0xbe, 0x3d, 0xb4, 0x3d, 0xd1, 0x3c, 
0xe6, 0x80, 0x2a, 0x3e, 0x26, 0x0e, 0xbf, 0x3d, 0xc6, 0xdb, 0x0a, 0xbe, 
0x91, 0x28, 0x65, 0x3d, 0x95, 0x00, 0xc3, 0xbd, 0xa4, 0x7a, 0xac, 0x3c, 
0x72, 0x29, 0xd8, 0x3d, 0x23, 0x82, 0x03, 0xbe, 0xd0, 0x49, 0x09, 0x3d, 
0x85, 0xa7, 0x32, 0xbd, 0xc8, 0x79, 0xd2, 0xbd, 0xe2, 0x9d, 0x89, 0x3c, 
0x1f, 0x61, 0x3b, 0x3e, 0x78, 0x50, 0xa1, 0xbc, 0xac, 0xf3, 0xf3, 0xbd, 
0xb7, 0x39, 0x79, 0x3d, 0xd6, 0xfd, 0xca, 0xbd, 0x05, 0xf5, 0xb6, 0xbd, 
0x60, 0x0d, 0x6e, 0x3d, 0x3b, 0x6e, 0x15, 0x3e, 0x92, 0xe9, 0x8a, 0x3d, 
0x5d, 0x0b, 0x32, 0x3e, 0xc4, 0xa1, 0xd1, 0xbd, 0x88, 0x20, 0xa1, 0xbc, 
0xfa, 0x82, 0x01, 0xbe, 0x7d, 0xad, 0x01, 0x3e, 0xea, 0xe3, 0xa9, 0x3d, 
0x74, 0x7f, 0x1d, 0x3e, 0x88, 0xef, 0x84, 0xbd, 0xae, 0xdf, 0x1b, 0xbe, 
0x04, 0xe9, 0xce, 0xbd, 0x3f, 0x05, 0x44, 0x3d, 0x08, 0x75, 0xb0, 0xbb, 
0xf2, 0xe4, 0xb0, 0x3d, 0xe9, 0xc2, 0x33, 0x3e, 0x6f, 0x0d, 0xd8, 0x3d, 
0xda, 0x29, 0x11, 0xbe, 0x2e, 0x43, 0xee, 0x3c, 0xf1, 0xfb, 0x16, 0x3e, 
0xfc, 0x95, 0x32, 0x3d, 0x48, 0x33, 0xf8, 0xbc, 0x74, 0x53, 0x07, 0x3d, 
0xc1, 0x30, 0xa0, 0xbd, 0x21, 0x80, 0xef, 0x3d, 0x8d, 0x93, 0x8d, 0xbd, 
0x44, 0x6e, 0x23, 0x3d, 0x4c, 0x1e, 0x63, 0x3d, 0x44, 0x59, 0xc2, 0xbd, 
0xb1, 0x0c, 0xb3, 0x3d, 0xb1, 0x7e, 0x39, 0x3e, 0x35, 0x12, 0x02, 0x3e, 
0x0e, 0x29, 0xc8, 0x3d, 0x9b, 0xc8, 0x2f, 0xbe, 0x0c, 0x8d, 0x19, 0x3e, 
0x24, 0xdc, 0xd7, 0xbc, 0xc4, 0xca, 0x86, 0xbd, 0xb9, 0x55, 0x1a, 0x3e, 
0x82, 0x90, 0xb6, 0x3d, 0x31, 0x88, 0x3e, 0x3d, 0x2f, 0xdc, 0x5a, 0xbd, 
0xb4, 0xfb, 0xc6, 0x3d, 0x1b, 0x0c, 0x12, 0x3e, 0xdf, 0x64, 0x94, 0xbd, 
0x20, 0x80, 0x1a, 0x3d, 0x25, 0x76, 0x9e, 0xbd, 0x2a, 0x41, 0xf7, 0x3d, 
0x3f, 0xcc, 0x0b, 0xbe, 0xe1, 0x5a, 0x1f, 0xbe, 0xda, 0x61, 0x9f, 0xbd, 
0xfd, 0x47, 0x7a, 0xbc, 0xa2, 0x0d, 0x9a, 0xbd, 0xb1, 0x6d, 0x11, 0xbe, 
0x94, 0x64, 0x9d, 0xbd, 0xe6, 0xb2, 0xa8, 0xbd, 0x8c, 0xaa, 0xc1, 0x3d, 
0x1f, 0x09, 0x20, 0xbd, 0xa0, 0x8d, 0x1d, 0xbe, 0x3c, 0xb9, 0x4e, 0x3d, 
0x21, 0xaf, 0x02, 0x3e, 0xd8, 0xeb, 0x0c, 0x3e, 0x6c, 0xae, 0xda, 0xbd, 
0xf0, 0x24, 0x22, 0x3c, 0xf5, 0x3a, 0xd0, 0xbd, 0xb1, 0x82, 0x91, 0x3d, 
0x80, 0xc1, 0x41, 0x3d, 0x0c, 0x91, 0x29, 0xbc, 0x32, 0xe2, 0x32, 0xbe, 
0xc0, 0x38, 0xaf, 0x3b, 0x73, 0x00, 0x33, 0x3e, 0xc2, 0x61, 0xe7, 0x3d, 
0xe3, 0x24, 0x50, 0x3d, 0x85, 0xa8, 0x37, 0x3d, 0xe5, 0x03, 0x4c, 0x3d, 
0x73, 0x78, 0x83, 0xbd, 0x28, 0x2c, 0xfa, 0xbc, 0x0f, 0xe0, 0x5b, 0x3c, 
0x7e, 0x13, 0x2e, 0xbe, 0xb8, 0xf6, 0x8e, 0xbd, 0xb2, 0x45, 0x4b, 0xbd, 
0xcc, 0xa6, 0x16, 0x3e, 0xb0, 0x39, 0x3f, 0x3c, 0x4d, 0xf5, 0xe3, 0x3c, 
0x7a, 0x0c, 0x4b, 0x3d, 0x56, 0xf7, 0xdd, 0x3d, 0x88, 0xd2, 0xc9, 0x3c, 
0x7d, 0x0a, 0x1f, 0x3e, 0xd6, 0x33, 0x89, 0x3d, 0xe1, 0x4f, 0x69, 0x3d, 
0x08, 0xf5, 0x28, 0xbe, 0x41, 0x35, 0x31, 0xbe, 0x36, 0xd1, 0xf1, 0x3d, 
0x6d, 0xe0, 0x06, 0x3e, 0x6e, 0xca, 0xad, 0xbd, 0xc0, 0x14, 0x0c, 0xbc, 
0x1a, 0x16, 0x6f, 0x3d, 0x63, 0x1d, 0xb2, 0xbd, 0x64, 0xe3, 0xd0, 0xbd, 
0xc7, 0x81, 0xa1, 0xbd, 0x55, 0x90, 0xdc, 0x3c, 0xd8, 0xe6, 0x68, 0xbd, 
0xcf, 0x7a, 0x84, 0xbd, 0x2e, 0xcc, 0x97, 0xbd, 0xbc, 0x8d, 0xbc, 0xbd, 
0x4b, 0xd9, 0x38, 0xbe, 0x44, 0x0e, 0xd1, 0xbc, 0x80, 0x9a, 0x43, 0xbc, 
0xce, 0x61, 0xd3, 0x3d, 0x7a, 0x4e, 0x30, 0x3d, 0xb0, 0xf4, 0xff, 0x3c, 
0x13, 0x09, 0x24, 0x3e, 0x9c, 0xae, 0x3c, 0x3d, 0x66, 0x1d, 0xe5, 0x3d, 
0xd8, 0xa2, 0xbd, 0x3c, 0xa6, 0x58, 0xdb, 0x3d, 0x94, 0x55, 0x0a, 0x3e, 
0x68, 0xb1, 0xef, 0xbc, 0xb4, 0xd4, 0x74, 0x3d, 0x72, 0xd5, 0xc0, 0x3d, 
0x66, 0x93, 0xa8, 0x3c, 0x5a, 0x4e, 0xb3, 0xbd, 0xd4, 0x68, 0xcc, 0x3d, 
0xf3, 0xea, 0x11, 0x3e, 0x8e, 0x87, 0xbf, 0x3d, 0xa2, 0xff, 0x87, 0xbd, 
0x63, 0x2e, 0xf4, 0xbd, 0xf0, 0x90, 0x41, 0x3d, 0xbd, 0x64, 0x09, 0x3e, 
0x2f, 0x61, 0x9b, 0x3d, 0x41, 0x12, 0x1f, 0x3e, 0xb9, 0xcd, 0x2f, 0xbe, 
0x60, 0x1c, 0xd8, 0xbb, 0x39, 0x46, 0x27, 0x3e, 0x44, 0x14, 0x24, 0xbd, 
0x20, 0xfd, 0x2c, 0x3d, 0x6a, 0xe4, 0x4e, 0xbd, 0xd7, 0xb4, 0x52, 0x3d, 
0x15, 0x17, 0x1b, 0x3e, 0x86, 0xf5, 0xd5, 0x3d, 0x20, 0xd4, 0xb7, 0xbb, 
0x85, 0x87, 0x8c, 0xbc, 0xbe, 0x33, 0xb3, 0x3d, 0x02, 0xab, 0xb2, 0x3d, 
0xfc, 0x68, 0xe9, 0xbc, 0x19, 0x21, 0xbb, 0xbc, 0x4a, 0x2a, 0xe5, 0x3d, 
0x48, 0xca, 0xf5, 0xbd, 0x09, 0x25, 0xdc, 0x3d, 0x84, 0x86, 0x7e, 0xbd, 
0x36, 0x3e, 0xce, 0x3d, 0x0e, 0x5a, 0xe6, 0xbd, 0xd0, 0xa0, 0x2c, 0x3d, 
0x4f, 0xfb, 0x7d, 0x3c, 0x36, 0xae, 0xd4, 0xbd, 0x93, 0x8b, 0xee, 0xbd, 
0xd8, 0x06, 0xa4, 0x3c, 0xe9, 0xad, 0x7d, 0xbc, 0xd4, 0x8b, 0xf9, 0xbd, 
0x16, 0x5f, 0xfb, 0x3d, 0x50, 0x9e, 0xc8, 0x3d, 0xe6, 0x83, 0x88, 0x3d, 
0x71, 0xe4, 0x26, 0xbe, 0xbd, 0xc9, 0x1a, 0x3e, 0xf3, 0x76, 0x2b, 0xbe, 
0xab, 0xf6, 0x2b, 0xbe, 0x4f, 0x9a, 0x0e, 0x3e, 0x3e, 0xa5, 0x17, 0xbe, 
0xc8, 0xe2, 0xa4, 0xbd, 0x80, 0x51, 0x1b, 0xbd, 0x3c, 0x27, 0x80, 0xbc, 
0x31, 0x4c, 0x44, 0xbd, 0x97, 0xae, 0x06, 0x3e, 0xa8, 0x26, 0x20, 0x3e, 
0x8e, 0x11, 0x3b, 0xbe, 0x3b, 0x99, 0x11, 0x3e, 0xe2, 0x34, 0x43, 0x3c, 
0x96, 0xf0, 0x17, 0xbe, 0xc0, 0x2a, 0x73, 0xbb, 0x17, 0x3e, 0xf7, 0xbd, 
0x8b, 0xc3, 0x82, 0x3d, 0x56, 0x08, 0xbc, 0x3d, 0x49, 0x09, 0x32, 0xbe, 
0x7a, 0x13, 0xd4, 0x3d, 0xf5, 0xbb, 0xef, 0x3d, 0x7b, 0xb9, 0x12, 0x3e, 
0x49, 0xea, 0x25, 0x3d, 0x50, 0x97, 0x04, 0xbe, 0x55, 0xe3, 0x18, 0x3e, 
0x1a, 0x04, 0x53, 0x3d, 0xaf, 0xa3, 0x27, 0x3e, 0x80, 0xcb, 0x3b, 0x3b, 
0xb8, 0x93, 0x06, 0xbb, 0x07, 0x8d, 0xd1, 0x3d, 0x94, 0x43, 0x4b, 0x3d, 
0x9a, 0xdb, 0x37, 0xbe, 0x8c, 0xa0, 0x61, 0x3a, 0x2e, 0x2f, 0x8b, 0x3d, 
0x8a, 0xc5, 0xf1, 0xbd, 0xc7, 0x8c, 0x0b, 0x3e, 0xbc, 0x78, 0xa6, 0xbd, 
0x7f, 0x67, 0x4d, 0xbd, 0x37, 0x4b, 0xee, 0x3c, 0xc0, 0xa7, 0x22, 0x3d, 
0x42, 0x49, 0xc6, 0x3d, 0xc2, 0x8f, 0xc4, 0xbc, 0x98, 0x97, 0x3a, 0xbe, 
0x0c, 0xa1, 0x82, 0xbd, 0xdc, 0x71, 0x38, 0x3d, 0x09, 0x2a, 0x01, 0xbe, 
0xd1, 0xa0, 0x17, 0x3e, 0x4d, 0x8a, 0x4a, 0x3c, 0xf2, 0x62, 0x10, 0xbe, 
0xa8, 0x66, 0x86, 0xbc, 0x7b, 0xeb, 0x15, 0xbe, 0x3c, 0x6e, 0x40, 0x3d, 
0x46, 0x4a, 0x4c, 0xbd, 0xe7, 0xa3, 0x57, 0xbd, 0x82, 0xd6, 0x05, 0x3d, 
0xcf, 0x18, 0xd8, 0xbd, 0xbb, 0xad, 0x23, 0x3e, 0xd4, 0x11, 0xe0, 0x3d, 
0xee, 0xe1, 0x16, 0xbe, 0x2c, 0xe4, 0x67, 0x3d, 0x2e, 0x5e, 0x85, 0xbd, 
0xd1, 0x64, 0x70, 0x3d, 0xc8, 0xee, 0x8b, 0x3d, 0x13, 0x7f, 0x25, 0xbe, 
0xd6, 0x62, 0xf3, 0xbd, 0x93, 0x66, 0x18, 0x3e, 0x20, 0x01, 0xa6, 0x3c, 
0xa0, 0x61, 0xd1, 0x3c, 0xfc, 0x00, 0x04, 0x3c, 0x78, 0x7f, 0xdd, 0xbd, 
0x0d, 0x86, 0xe1, 0xbd, 0x7c, 0x43, 0x18, 0xbd, 0xa1, 0xba, 0xd3, 0xbd, 
0x18, 0x8f, 0xc8, 0x3d, 0xc0, 0x2d, 0x96, 0x3b, 0x20, 0x3a, 0xf7, 0xbc, 
0x49, 0xe5, 0xd2, 0xbd, 0xbe, 0xea, 0x07, 0x3e, 0xba, 0xbf, 0x26, 0xbe, 
0x04, 0xa3, 0x9b, 0xbd, 0x58, 0xea, 0x39, 0x3c, 0xa2, 0x8d, 0x28, 0xbe, 
0xf4, 0x3f, 0xeb, 0xbd, 0x12, 0x4f, 0xbd, 0x3d, 0x73, 0x68, 0x2b, 0xbe, 
0x5f, 0xc4, 0x0f, 0x3e, 0x69, 0xbc, 0xf3, 0x3d, 0xa0, 0xa5, 0xe6, 0xbd, 
0x03, 0x6a, 0x80, 0xbd, 0x18, 0x61, 0x75, 0xbc, 0x65, 0x0d, 0xda, 0xbd, 
0x35, 0xf6, 0xd2, 0xbd, 0x28, 0xb5, 0xfb, 0xbd, 0xd7, 0x9c, 0x2c, 0xbd, 
0x1e, 0x17, 0xdf, 0x3d, 0x9a, 0x54, 0x38, 0x3d, 0x11, 0xc8, 0x8f, 0xbd, 
0x0b, 0x4c, 0x96, 0xbd, 0x8c, 0x84, 0xa7, 0xbd, 0x25, 0xff, 0x2a, 0xbe, 
0x2e, 0x09, 0xd5, 0x3d, 0xb4, 0x0b, 0x0a, 0xbe, 0x0b, 0x51, 0x30, 0xbd, 
0x8a, 0xec, 0xc2, 0x3d, 0xd6, 0xc2, 0x89, 0x3d, 0x4a, 0x7a, 0xf6, 0x3d, 
0x20, 0xbd, 0x96, 0xbc, 0x73, 0x59, 0x20, 0x3e, 0xcc, 0x1e, 0x34, 0xbe, 
0x2f, 0x41, 0xb6, 0xbd, 0xc8, 0x2f, 0x06, 0xbd, 0x07, 0xf2, 0x06, 0x3e, 
0x25, 0x6c, 0x37, 0xbe, 0xce, 0xae, 0x08, 0xbe, 0x9c, 0xd8, 0x1f, 0xbe, 
0xc8, 0x79, 0x63, 0xbd, 0x5e, 0x76, 0x1f, 0xbe, 0x34, 0x88, 0xfa, 0x3d, 
0xf0, 0x08, 0xa5, 0xbd, 0xae, 0x05, 0xd7, 0x3d, 0x72, 0x9a, 0x61, 0xbd, 
0x18, 0x21, 0x77, 0xbc, 0x0a, 0xc7, 0xcb, 0x3d, 0x8c, 0xfc, 0x27, 0xbd, 
0x40, 0xaf, 0x2e, 0xbe, 0x7b, 0x41, 0xcb, 0x3d, 0x9b, 0x9a, 0x00, 0x3e, 
0xde, 0x32, 0xc6, 0x3d, 0xd4, 0x34, 0x2c, 0xbe, 0x0d, 0x2c, 0x1d, 0x3e, 
0xf0, 0x57, 0x54, 0xbd, 0xec, 0x63, 0x3f, 0x3d, 0x4f, 0x5c, 0x37, 0xbe, 
0x7d, 0xf9, 0x1b, 0x3e, 0x6e, 0xd4, 0x79, 0x3d, 0xd7, 0x03, 0xe0, 0xbd, 
0x32, 0x89, 0x0a, 0xbe, 0x35, 0x3f, 0x83, 0xbd, 0x04, 0xb6, 0x5e, 0x3d, 
0x1a, 0x3e, 0xa3, 0x3d, 0x79, 0x23, 0x77, 0xbd, 0xb0, 0x33, 0xcf, 0xbc, 
0x1a, 0xd3, 0xdc, 0x3d, 0x99, 0x4b, 0xe9, 0xbd, 0xb9, 0xc1, 0x08, 0x3e, 
0x80, 0x8f, 0x35, 0xbd, 0xa7, 0x6a, 0x1a, 0x3e, 0x4f, 0x39, 0x09, 0x3e, 
0xab, 0x3e, 0x1b, 0x3d, 0x10, 0x8e, 0xdc, 0xbd, 0xbc, 0x8e, 0xef, 0x3d, 
0xbf, 0x5f, 0x1c, 0xbe, 0x9b, 0x94, 0x10, 0x3e, 0xf8, 0x55, 0x90, 0x3d, 
0x2e, 0xb9, 0x83, 0xbd, 0xf8, 0x18, 0xb7, 0xbc, 0x5e, 0x12, 0x97, 0x3c, 
0xcc, 0x53, 0xa4, 0x3c, 0x56, 0xb1, 0x13, 0xbd, 0x76, 0x8c, 0x07, 0x3e, 
0x70, 0x34, 0x17, 0xbe, 0x92, 0x8d, 0x88, 0xbd, 0x12, 0x2c, 0xea, 0x3d, 
0x99, 0x2a, 0xe8, 0x3d, 0xd4, 0x6c, 0xc8, 0xbd, 0x9b, 0x01, 0xfb, 0x3d, 
0xc0, 0x35, 0xe6, 0xbd, 0x96, 0x51, 0xbf, 0xbd, 0x2e, 0x02, 0xe1, 0x3d, 
0xf4, 0x4e, 0x38, 0x3e, 0xe0, 0xe0, 0xc1, 0xbd, 0xf0, 0xff, 0x1b, 0xbd, 
0x6f, 0xe6, 0x1c, 0xbe, 0x6d, 0xe3, 0x86, 0x3b, 0x45, 0x4d, 0x1e, 0xbe, 
0xf1, 0x61, 0x17, 0x3e, 0x59, 0xb1, 0x19, 0x3e, 0x31, 0xb8, 0x15, 0xbe, 
0xb0, 0xf9, 0x85, 0x3c, 0xda, 0xb1, 0x72, 0xbd, 0xe7, 0xba, 0x10, 0xbe, 
0x54, 0x4f, 0x12, 0x3e, 0x7d, 0xba, 0x40, 0x3d, 0xb3, 0x3d, 0x11, 0x3e, 
0x00, 0x49, 0x4d, 0x3b, 0xdd, 0x04, 0x01, 0xbd, 0xd1, 0x63, 0x28, 0x3e, 
0x62, 0x78, 0xa9, 0x3d, 0x1a, 0xc9, 0xa9, 0x3d, 0x05, 0x0f, 0xed, 0xbd, 
0x62, 0xa4, 0x1a, 0x3d, 0x64, 0xb9, 0x6e, 0xbd, 0x6d, 0xd7, 0x12, 0xbd, 
0xbf, 0x4e, 0x06, 0xbe, 0xe9, 0xf3, 0x19, 0xbe, 0x8f, 0xb8, 0x86, 0xbd, 
0x68, 0x6b, 0x07, 0xbe, 0x44, 0x1f, 0xb6, 0xbd, 0x0f, 0x6e, 0xaa, 0x3d, 
0x13, 0x69, 0x28, 0x3e, 0x6e, 0x47, 0xd4, 0xbd, 0x20, 0x8c, 0x41, 0x3d, 
0xe8, 0x05, 0xef, 0xbc, 0x68, 0x54, 0x13, 0x3d, 0x2d, 0xa3, 0xc2, 0x3d, 
0x7c, 0x9f, 0xe0, 0xbd, 0x50, 0x70, 0x54, 0xbc, 0x84, 0x0f, 0x08, 0xbc, 
0x2a, 0x76, 0x8c, 0x3d, 0xec, 0x4b, 0x03, 0xbd, 0x20, 0xce, 0x7c, 0x3c, 
0x38, 0xf3, 0x50, 0xbd, 0xf4, 0xb7, 0x92, 0x3d, 0xf5, 0x60, 0x23, 0x3e, 
0x02, 0x66, 0xd1, 0x3d, 0x92, 0x91, 0xfd, 0x3d, 0x3b, 0xe1, 0x08, 0x3e, 
0x0a, 0x77, 0x03, 0xbe, 0x5a, 0x2e, 0xd8, 0x3d, 0x34, 0xf5, 0x46, 0xbd, 
0x64, 0xd1, 0x32, 0xbc, 0x87, 0x64, 0x14, 0x3e, 0x38, 0x47, 0xaf, 0xbc, 
0xa8, 0x94, 0xc4, 0x3d, 0xf7, 0xd0, 0x30, 0xbe, 0x3f, 0x14, 0x1b, 0x3e, 
0x32, 0x16, 0x95, 0x3d, 0x08, 0x95, 0x09, 0xbd, 0x9b, 0x9f, 0xc6, 0xbc, 
0x05, 0xa2, 0x99, 0x3c, 0xd0, 0x94, 0x8e, 0xbd, 0x16, 0xae, 0xb1, 0x3d, 
0x16, 0xe6, 0xaa, 0x3d, 0xdb, 0x14, 0x99, 0xbd, 0x20, 0xad, 0x83, 0x3d, 
0xfc, 0x0d, 0xec, 0xbd, 0x65, 0xd8, 0xd5, 0xbc, 0x4b, 0x97, 0x0f, 0xbe, 
0xba, 0xd6, 0x9a, 0x3d, 0xb3, 0x39, 0x13, 0x3e, 0x65, 0x9c, 0x08, 0x3d, 
0xaa, 0xa3, 0x0d, 0xbe, 0x20, 0x2c, 0x11, 0xbd, 0xf2, 0xf7, 0xaf, 0x3d, 
0xf7, 0x84, 0xa9, 0x3d, 0xa5, 0x0d, 0xe2, 0xbc, 0x97, 0x21, 0x6c, 0xbd, 
0x80, 0x61, 0xf3, 0xbd, 0xfe, 0x2b, 0x2d, 0xbe, 0xd5, 0x81, 0xa4, 0x3d, 
0x74, 0x83, 0x90, 0xbd, 0x68, 0xce, 0xe5, 0xbc, 0xf4, 0x86, 0x4c, 0xbb, 
0x8b, 0x69, 0x4b, 0xbd, 0xc6, 0x62, 0x1e, 0xbe, 0x46, 0xe1, 0x99, 0xbd, 
0x8e, 0x26, 0x18, 0xbd, 0xd6, 0x18, 0xec, 0xbd, 0x43, 0x0e, 0x0b, 0x3e, 
0xd7, 0xf0, 0x02, 0x3e, 0xf9, 0xff, 0x9d, 0xbc, 0x34, 0x93, 0xb8, 0xbd, 
0x77, 0x2c, 0xa9, 0x3d, 0x4c, 0xe0, 0x11, 0xbe, 0xd9, 0xe1, 0x9d, 0xbd, 
0x43, 0xa0, 0xd9, 0xbd, 0x3a, 0x0a, 0x90, 0x3d, 0x01, 0xff, 0x21, 0x3e, 
0xc5, 0x1a, 0x89, 0xbd, 0x6a, 0xf6, 0x89, 0xbd, 0xbe, 0xee, 0xb7, 0x3d, 
0xd2, 0x7c, 0x69, 0xbd, 0xcd, 0x1c, 0xe7, 0xbd, 0xa2, 0x17, 0x6e, 0xbd, 
0x42, 0xe8, 0xbb, 0x3d, 0xc1, 0x4c, 0x2f, 0x3e, 0x80, 0x30, 0x12, 0xbe, 
0x2c, 0x0f, 0x8d, 0xbd, 0x1b, 0x03, 0x1e, 0x3e, 0xae, 0x1d, 0x8a, 0x3d, 
0xc0, 0x60, 0xd2, 0xbb, 0xb3, 0xa6, 0x1b, 0x3e, 0x22, 0xaa, 0xaa, 0x3c, 
0x20, 0x57, 0x6b, 0x3d, 0xf1, 0xb5, 0xf9, 0xbd, 0xd0, 0x1f, 0x92, 0x3d, 
0x42, 0x9d, 0x84, 0xbd, 0x97, 0xfe, 0x1d, 0xbe, 0x16, 0x3b, 0x31, 0xbe, 
0xcd, 0x0d, 0x2d, 0x3e, 0x18, 0x8b, 0x8f, 0xbc, 0xdc, 0x5a, 0x00, 0xbd, 
0x61, 0x30, 0x09, 0xbe, 0x65, 0xed, 0xf0, 0x3d, 0x77, 0xc2, 0x1f, 0xbe, 
0xf5, 0x31, 0xa9, 0xbd, 0x80, 0x96, 0xd9, 0xbc, 0x39, 0xa3, 0x07, 0x3d, 
0xfa, 0x77, 0xa4, 0xbd, 0xfd, 0xbc, 0x0a, 0x3e, 0xbe, 0x07, 0x2a, 0xbe, 
0x48, 0x8b, 0xae, 0x3b, 0xed, 0xe7, 0x10, 0xbe, 0xe9, 0xeb, 0xd8, 0x3d, 
0xe1, 0xfa, 0xb7, 0x3d, 0x00, 0xf7, 0x46, 0xbc, 0x12, 0xd7, 0xa8, 0x3d, 
0xda, 0x99, 0x2a, 0xbe, 0xc9, 0x04, 0xbb, 0x3d, 0x18, 0xaf, 0x28, 0x3e, 
0x9c, 0x68, 0x2a, 0xbe, 0x0b, 0x91, 0x21, 0x3e, 0x29, 0x00, 0x2d, 0x3e, 
0x42, 0xec, 0xfe, 0xbd, 0x6a, 0x7a, 0x13, 0xbd, 0x72, 0x8c, 0xd6, 0x3d, 
0xef, 0xab, 0x78, 0xbb, 0x79, 0x89, 0x08, 0xbe, 0x06, 0xf1, 0xc8, 0x3d, 
0xfc, 0x2e, 0x49, 0x3d, 0x90, 0xb1, 0xc0, 0x3c, 0x40, 0xb7, 0x69, 0xbb, 
0x80, 0xb5, 0x57, 0xbd, 0xa0, 0xb1, 0xba, 0xbc, 0x73, 0x73, 0x3c, 0xbe, 
0x47, 0xf4, 0xd9, 0x3d, 0x8e, 0xea, 0xe0, 0x3d, 0xd0, 0x2e, 0x14, 0xbd, 
0xc3, 0x56, 0x22, 0x3e, 0x78, 0x91, 0x0d, 0xbd, 0x18, 0xa9, 0x67, 0x3d, 
0xbe, 0x90, 0xbf, 0x3d, 0x15, 0x39, 0xc8, 0xbd, 0x8f, 0x8b, 0xe6, 0x3d, 
0x08, 0x08, 0x13, 0xbe, 0xdb, 0xcf, 0x3b, 0xbc, 0x43, 0x31, 0xdf, 0xbd, 
0xd0, 0x77, 0x2f, 0x3c, 0x93, 0x16, 0x95, 0xbd, 0xe5, 0xb4, 0x85, 0xbd, 
0x2a, 0x77, 0xa7, 0xbd, 0xea, 0xd7, 0xb9, 0x3c, 0x1b, 0xa6, 0xb3, 0xbc, 
0xd6, 0x0a, 0x9e, 0xbd, 0xd2, 0xe6, 0x90, 0x3d, 0xa4, 0xdd, 0xbf, 0xbd, 
0x56, 0xe6, 0x05, 0xbe, 0x22, 0xf4, 0xef, 0xbd, 0x3f, 0xea, 0x1a, 0xbe, 
0xd9, 0x36, 0x2a, 0xbe, 0x18, 0x81, 0x52, 0xbd, 0x9a, 0x3c, 0x0b, 0x3c, 
0x3e, 0x15, 0x97, 0xbc, 0xbe, 0x71, 0xef, 0x3d, 0xc2, 0xcf, 0xec, 0x3d, 
0x16, 0x5a, 0xb7, 0x3d, 0xb9, 0x04, 0xa2, 0xbc, 0x0e, 0xa9, 0x89, 0x3b, 
0xa9, 0xce, 0x15, 0xbe, 0xfa, 0x9d, 0x1c, 0x3d, 0x6b, 0x26, 0x30, 0x3e, 
0x53, 0x6e, 0x8a, 0x3d, 0x79, 0xa7, 0x32, 0xbc, 0xc1, 0xc0, 0x8a, 0x3d, 
0xb9, 0xb4, 0x0b, 0x3e, 0x1f, 0xe5, 0x34, 0xbe, 0x10, 0x53, 0xb3, 0xbc, 
0x22, 0x3d, 0xde, 0x3d, 0x15, 0x7d, 0x03, 0xbe, 0xd7, 0x57, 0x14, 0x3e, 
0x94, 0x72, 0xb8, 0xbd, 0x14, 0x93, 0x10, 0xbd, 0x1c, 0x04, 0x2e, 0xbe, 
0x7b, 0x82, 0xef, 0xbc, 0xf8, 0xda, 0x07, 0x3e, 0xba, 0xf0, 0x13, 0xbe, 
0xf4, 0xdd, 0x5d, 0xbd, 0xb8, 0x73, 0x27, 0x3e, 0x0e, 0xe3, 0x6f, 0xbd, 
0x30, 0x20, 0x19, 0xbd, 0x8b, 0xc6, 0xe3, 0x3d, 0x3a, 0xc8, 0x80, 0x3d, 
0x24, 0x88, 0xf9, 0x3d, 0x5f, 0x00, 0x2f, 0xbe, 0x10, 0x13, 0x1c, 0xbe, 
0x21, 0x45, 0x33, 0x3e, 0x87, 0x19, 0x27, 0xbe, 0xa2, 0x46, 0x2f, 0xbe, 
0xdb, 0x27, 0xfe, 0xbd, 0xbe, 0x76, 0xc1, 0x3d, 0x05, 0xd7, 0xb7, 0x3d, 
0x8c, 0x02, 0x51, 0x3d, 0x68, 0xb9, 0x19, 0x3d, 0x2e, 0x10, 0xd2, 0xbd, 
0x8a, 0xe5, 0xd0, 0xbc, 0x3d, 0x2a, 0x1b, 0x3e, 0x19, 0x3f, 0x22, 0xbe, 
0xab, 0x70, 0x09, 0x3e, 0x18, 0xcd, 0x84, 0x3d, 0x50, 0xce, 0x41, 0xbe, 
0x4a, 0x79, 0x65, 0x3d, 0xdd, 0x02, 0x80, 0xbd, 0x28, 0x38, 0xf5, 0x3c, 
0xe0, 0x5d, 0xbb, 0xbc, 0x02, 0xa2, 0x18, 0x3e, 0xf5, 0x75, 0x53, 0x3c, 
0x4b, 0xac, 0xa4, 0xbd, 0xa6, 0x3d, 0xa1, 0x3d, 0x39, 0x83, 0x05, 0x3e, 
0xe4, 0xcf, 0x37, 0xbe, 0x84, 0x81, 0xfe, 0x3d, 0xd5, 0x59, 0x18, 0xbe, 
0xcf, 0x07, 0xc2, 0xbd, 0xa8, 0x2c, 0x05, 0xbe, 0x2c, 0xf0, 0x70, 0xbd, 
0x62, 0x2e, 0x72, 0x3c, 0x7b, 0xa4, 0xfa, 0x3d, 0x00, 0xf5, 0xf2, 0xba, 
0x0c, 0x8f, 0x42, 0x3d, 0x7a, 0x4a, 0xa7, 0x3d, 0x95, 0x6a, 0x14, 0xbe, 
0x5a, 0xbb, 0x09, 0x3d, 0x2c, 0x44, 0x2b, 0xbe, 0x70, 0xa7, 0x55, 0xbc, 
0xb2, 0x2d, 0xfe, 0x3d, 0x23, 0xc7, 0x08, 0x3e, 0x36, 0x9f, 0x8b, 0x3d, 
0x88, 0x13, 0x09, 0xbe, 0x86, 0x2d, 0x0e, 0x3e, 0x6f, 0x59, 0x87, 0xbd, 
0xa8, 0x23, 0x84, 0x3d, 0xf1, 0x43, 0x94, 0x3c, 0x5d, 0x34, 0xbe, 0x3d, 
0xfa, 0x11, 0xf6, 0x3d, 0x80, 0xfa, 0xca, 0xba, 0x26, 0xf7, 0xcb, 0xbd, 
0x18, 0xc5, 0xe5, 0xbd, 0xaa, 0xa8, 0xff, 0xbd, 0x0c, 0x7f, 0xb9, 0xbd, 
0x8d, 0x64, 0x05, 0x3e, 0x3e, 0x17, 0xf4, 0x3d, 0x2b, 0x94, 0xa8, 0xbd, 
0xe5, 0xbe, 0x16, 0xbe, 0xc5, 0xfd, 0x18, 0x3e, 0xdc, 0xfc, 0xc4, 0xbc, 
0x48, 0xfd, 0x09, 0x3e, 0x25, 0x2f, 0x11, 0xbe, 0x07, 0xe1, 0x8e, 0xbd, 
0xe0, 0x68, 0xe6, 0xbd, 0x86, 0x15, 0x24, 0xbe, 0x7b, 0xb8, 0x00, 0xbe, 
0x48, 0x34, 0xfb, 0xbc, 0xdc, 0x98, 0x85, 0xbd, 0xc7, 0x14, 0x11, 0x3e, 
0xb5, 0x36, 0x7e, 0xbd, 0x8d, 0x66, 0x1e, 0x3e, 0xf8, 0x16, 0x15, 0xbd, 
0xc3, 0x3c, 0x45, 0xbd, 0x34, 0x74, 0xad, 0xbd, 0x1e, 0x48, 0xd9, 0x3d, 
0xa3, 0x8f, 0xe5, 0xbd, 0xbf, 0x1d, 0x98, 0x3d, 0x9f, 0xb1, 0x32, 0xbe, 
0x56, 0x31, 0xde, 0x3d, 0xf1, 0x5b, 0x1f, 0x3e, 0x32, 0x41, 0x9f, 0x3d, 
0xfc, 0xb0, 0x1c, 0xbe, 0x4a, 0x54, 0x9f, 0x3d, 0x5a, 0xaf, 0x4a, 0x3d, 
0x8c, 0xc9, 0x05, 0xbe, 0x6e, 0x58, 0x31, 0xbd, 0xa0, 0x2f, 0x00, 0xbd, 
0xd0, 0x70, 0x66, 0x3d, 0x97, 0xee, 0x13, 0xbe, 0x1e, 0x22, 0xcf, 0x3d, 
0x08, 0x48, 0x8b, 0xbc, 0x36, 0xda, 0x1d, 0x3e, 0x9b, 0x86, 0x2e, 0xbe, 
0xb2, 0xed, 0xca, 0x3d, 0xbe, 0xb2, 0xec, 0x3c, 0xd9, 0x5f, 0x23, 0x3e, 
0xfc, 0x63, 0x21, 0x3d, 0x19, 0xe0, 0xa6, 0xbd, 0xbe, 0x15, 0xdb, 0x3d, 
0xe1, 0x84, 0x3b, 0xbe, 0xa5, 0x08, 0x06, 0xbe, 0xee, 0x38, 0x93, 0x3d, 
0xbe, 0x71, 0x1c, 0xbe, 0x28, 0x2b, 0x24, 0xbe, 0x0a, 0x76, 0x00, 0xbe, 
0xa3, 0x07, 0x36, 0xbe, 0x10, 0xb6, 0xe9, 0xbc, 0x34, 0xfd, 0xa0, 0x3c, 
0x51, 0x1c, 0xf4, 0x3d, 0x61, 0x2a, 0x33, 0x3e, 0xda, 0x98, 0x90, 0x3d, 
0x1f, 0x70, 0x18, 0x3e, 0x3b, 0xc6, 0x87, 0xbd, 0x59, 0x98, 0x2b, 0x3e, 
0x2a, 0xb5, 0x2c, 0xbe, 0x5d, 0x83, 0x2f, 0xbe, 0x68, 0x77, 0x4a, 0xbd, 
0x20, 0xdd, 0x96, 0x3c, 0x52, 0xf4, 0xe9, 0x3d, 0x76, 0xbe, 0x9a, 0x3d, 
0xc4, 0x1c, 0x4c, 0xbd, 0x01, 0x91, 0x9f, 0xbd, 0x9c, 0x7e, 0x35, 0x3d, 
0x3c, 0xa6, 0x1e, 0xbe, 0x81, 0x35, 0xc9, 0xbd, 0x81, 0x37, 0xd3, 0xbd, 
0xb0, 0x25, 0xfe, 0x3c, 0x22, 0x15, 0xd9, 0xbd, 0xd8, 0xb2, 0xe7, 0x3c, 
0x59, 0x42, 0x17, 0x3e, 0xda, 0x1a, 0x02, 0xbe, 0x50, 0x72, 0x27, 0xbd, 
0x1a, 0x61, 0xbf, 0x3d, 0x80, 0xe1, 0x65, 0xbc, 0x2b, 0xf6, 0x27, 0xbe, 
0x9f, 0x5b, 0x1d, 0x3e, 0x98, 0x5f, 0xe4, 0xbc, 0x46, 0x3f, 0x31, 0xbe, 
0x0d, 0xf9, 0x88, 0xbd, 0xdc, 0xf1, 0xab, 0xbd, 0x8f, 0x22, 0x1a, 0xbe, 
0xa8, 0x11, 0x89, 0xbc, 0xd0, 0x7c, 0x09, 0xbe, 0x4c, 0xc9, 0x80, 0xbd, 
0xd0, 0xf4, 0x43, 0x3c, 0x00, 0x5c, 0x02, 0x3b, 0x22, 0x1f, 0xb5, 0x3d, 
0x00, 0x86, 0xac, 0x3a, 0x04, 0x37, 0x2d, 0x3d, 0xd8, 0x5a, 0x44, 0xbd, 
0x90, 0x20, 0x91, 0xbd, 0x1b, 0xa7, 0x0e, 0x3e, 0xba, 0xe4, 0xa4, 0xbd, 
0xa4, 0x2e, 0x88, 0x3d, 0x86, 0x9e, 0x9c, 0x3d, 0xbe, 0xee, 0xaa, 0x3d, 
0x38, 0x9f, 0x61, 0xbd, 0x70, 0xbb, 0xd7, 0x3c, 0x0f, 0x97, 0x13, 0x3e, 
0xd8, 0x61, 0x18, 0xbe, 0xd6, 0xf9, 0xde, 0xbd, 0x78, 0xcf, 0x27, 0xbd, 
0x85, 0x88, 0xda, 0xbd, 0xac, 0xc2, 0x15, 0xbd, 0x18, 0x30, 0xef, 0x3c, 
0xc5, 0x6f, 0x1d, 0xbe, 0xd7, 0xd9, 0x21, 0xbe, 0x40, 0x94, 0xe6, 0xbb, 
0xa6, 0x5d, 0x7c, 0xbd, 0x04, 0xf2, 0xb3, 0xbd, 0xdc, 0x13, 0x0f, 0x3d, 
0x70, 0xb7, 0xf1, 0xbc, 0xc8, 0x85, 0x28, 0x3d, 0xf0, 0x27, 0x1d, 0x3d, 
0xc6, 0x55, 0x0e, 0xbe, 0xca, 0xb3, 0xa3, 0xbd, 0xb2, 0x79, 0xe7, 0x3d, 
0xd7, 0x90, 0x30, 0x3e, 0x56, 0x45, 0xf4, 0x3d, 0x4f, 0x3a, 0xcf, 0xbd, 
0x42, 0x88, 0xf8, 0x3d, 0xf6, 0xf6, 0x23, 0xbe, 0x40, 0x75, 0x42, 0xbd, 
0x95, 0x8b, 0x1f, 0xbe, 0x12, 0x66, 0x9a, 0x3d, 0x10, 0x18, 0x2c, 0x3d, 
0x0e, 0xbc, 0x89, 0xbd, 0xcc, 0x46, 0x18, 0xbd, 0xf0, 0xd0, 0x2f, 0x3c, 
0xc0, 0x3f, 0x6c, 0xbc, 0x01, 0xe8, 0x01, 0x3e, 0x8a, 0x81, 0xe2, 0x3d, 
0xaa, 0xc6, 0xf9, 0x3d, 0x3f, 0xbb, 0xba, 0xbd, 0x00, 0xf3, 0xaa, 0xbc, 
0x0e, 0x21, 0x1c, 0xbe, 0xf8, 0xdc, 0x0f, 0xbe, 0x9e, 0xad, 0x63, 0xbd, 
0x00, 0x82, 0x41, 0xbd, 0x09, 0x0b, 0x07, 0xbe, 0x34, 0xd5, 0x6f, 0x3d, 
0x9a, 0xad, 0xa6, 0x3d, 0x50, 0xed, 0xef, 0xbc, 0xf0, 0x2d, 0x1c, 0xbd, 
0x92, 0xb7, 0xbf, 0x3d, 0xa0, 0x20, 0x64, 0xbc, 0x85, 0x0c, 0x1e, 0x3e, 
0xee, 0x50, 0xb3, 0x3d, 0x83, 0x3b, 0x04, 0x3e, 0x40, 0x74, 0x18, 0xbe, 
0x72, 0x72, 0xc4, 0x3d, 0x5f, 0x23, 0x1f, 0xbe, 0x34, 0xa9, 0x44, 0xbd, 
0x49, 0x01, 0x9b, 0xbd, 0x11, 0xe7, 0xad, 0xbd, 0x7d, 0x78, 0x34, 0xbe, 
0x6c, 0xd3, 0x18, 0x3d, 0x2d, 0xb8, 0x10, 0x3e, 0x11, 0xd2, 0x03, 0x3e, 
0xd0, 0xbb, 0x66, 0x3c, 0x6b, 0x2a, 0x1b, 0x3e, 0x00, 0xbf, 0xca, 0xba, 
0x48, 0x0d, 0xeb, 0xbc, 0x2b, 0x64, 0x0a, 0x3e, 0x16, 0x83, 0xd2, 0x3d, 
0x48, 0xa7, 0xc0, 0x3c, 0x5f, 0x9f, 0x85, 0xbd, 0x62, 0x92, 0xd0, 0x3d, 
0x9e, 0xd7, 0x04, 0xbe, 0xe8, 0x05, 0x88, 0xbc, 0x77, 0x63, 0x34, 0xbe, 
0x3d, 0xc3, 0x22, 0xbe, 0x10, 0x34, 0xa2, 0xbc, 0xa8, 0xce, 0xcb, 0x3c, 
0xe8, 0xdb, 0x22, 0xbd, 0xb6, 0x74, 0xcc, 0x3d, 0xe9, 0xe3, 0x1e, 0x3e, 
0x4b, 0xb0, 0xeb, 0xbd, 0xee, 0x67, 0xbc, 0xbd, 0x60, 0x1f, 0xea, 0x3b, 
0x12, 0x49, 0xfe, 0x3d, 0x82, 0xe8, 0xfc, 0xbd, 0x9d, 0x65, 0x05, 0x3e, 
0x1c, 0x48, 0x61, 0x3d, 0xf8, 0x6e, 0x42, 0x3d, 0xf8, 0x6d, 0x4b, 0x3d, 
0x96, 0xeb, 0x8d, 0xbd, 0x88, 0xcd, 0x81, 0x3d, 0x5d, 0x79, 0x32, 0x3e, 
0x00, 0x52, 0x2b, 0xbe, 0xb4, 0xea, 0x25, 0x3d, 0x00, 0x2c, 0x2f, 0xbd, 
0xe4, 0xa4, 0x97, 0xbd, 0x40, 0xb6, 0x77, 0xbc, 0x62, 0xb6, 0x12, 0xbe, 
0x44, 0xa0, 0x3b, 0x3d, 0xff, 0xc6, 0x22, 0x3e, 0x98, 0x52, 0x12, 0xbe, 
0x94, 0x61, 0x01, 0xbe, 0x52, 0x80, 0xc9, 0x3d, 0xae, 0xf4, 0xc7, 0x3d, 
0xa8, 0x5d, 0x21, 0x3d, 0x6d, 0x2d, 0x03, 0x3e, 0x20, 0x49, 0x0f, 0x3d, 
0x40, 0xe6, 0x01, 0xbe, 0x00, 0x68, 0x7c, 0x3b, 0x98, 0x37, 0x35, 0x3d, 
0x57, 0x05, 0x32, 0xbe, 0x4b, 0x18, 0xb3, 0xbd, 0x68, 0xf3, 0x37, 0xbd, 
0x74, 0x83, 0x0c, 0xbd, 0x48, 0xc4, 0x88, 0xbd, 0x30, 0xf1, 0xd6, 0x3c, 
0x93, 0xfc, 0x28, 0x3e, 0x20, 0x66, 0xf7, 0xbb, 0xb0, 0x21, 0x60, 0x3d, 
0x2a, 0x0f, 0xd2, 0x3d, 0x7a, 0xe2, 0xf0, 0x3d, 0xfe, 0x91, 0xfd, 0x3d, 
0x75, 0xda, 0x10, 0xbe, 0xee, 0xc3, 0xf5, 0x3d, 0x70, 0xab, 0x77, 0x3c, 
0x10, 0x15, 0x8a, 0x3c, 0x4c, 0x6b, 0x2a, 0x3d, 0x8d, 0x35, 0x25, 0x3e, 
0x51, 0x2c, 0x24, 0x3e, 0x1f, 0x50, 0xec, 0xbd, 0xdb, 0xa6, 0x22, 0x3e, 
0x78, 0x5d, 0x5f, 0xbd, 0xb4, 0xd3, 0x2e, 0xbe, 0xa7, 0x60, 0xdf, 0xbd, 
0xcf, 0xe7, 0x34, 0xbe, 0xba, 0x39, 0x02, 0xbe, 0xd0, 0x3e, 0xb1, 0xbd, 
0x8c, 0xa7, 0x35, 0x3d, 0x24, 0xd1, 0x09, 0x3d, 0x31, 0x9f, 0x6a, 0xbd, 
0x53, 0x85, 0xf4, 0x3d, 0x8c, 0x26, 0x60, 0x3d, 0x70, 0x92, 0x1e, 0xbe, 
0xf8, 0x9a, 0x16, 0x3e, 0x50, 0xb5, 0x04, 0xbc, 0x24, 0x14, 0x1d, 0x3e, 
0xd7, 0x63, 0x27, 0xbe, 0x1b, 0xbb, 0x8d, 0xbd, 0xd0, 0xd0, 0x57, 0xbd, 
0xd0, 0x37, 0xb4, 0xbc, 0x61, 0x11, 0x2e, 0xbd, 0xca, 0x74, 0x8e, 0x3d, 
0x02, 0xf9, 0xc6, 0x3d, 0x98, 0xa5, 0x2d, 0x3d, 0x10, 0x48, 0xc7, 0x3c, 
0xc2, 0x97, 0x97, 0x3d, 0x92, 0x6d, 0x4b, 0xbe, 0xd7, 0x7f, 0xaf, 0xbd, 
0xb2, 0x4e, 0xe4, 0xbc, 0x47, 0x63, 0xf6, 0x3d, 0xaf, 0xe5, 0x10, 0xbe, 
0x3b, 0xc3, 0x56, 0xbb, 0x93, 0xa7, 0xf7, 0xbd, 0xd9, 0x58, 0x98, 0xbd, 
0x8a, 0xa3, 0x1e, 0xbe, 0x88, 0x12, 0xd0, 0xbd, 0x22, 0xca, 0xc5, 0x3c, 
0x71, 0x0b, 0x33, 0x3d, 0x00, 0x83, 0xe9, 0x3c, 0xb5, 0x12, 0x91, 0xbd, 
0x0f, 0x00, 0x26, 0x3e, 0xc6, 0x66, 0x6c, 0x3d, 0x66, 0x9c, 0x64, 0xbe, 
0xe7, 0xd2, 0x81, 0xbd, 0xae, 0x45, 0x68, 0xbc, 0xa0, 0x26, 0x85, 0xbd, 
0x91, 0x43, 0x19, 0xbe, 0x79, 0xc7, 0xc5, 0xbd, 0x96, 0x48, 0x72, 0x3b, 
0x7a, 0xd9, 0xe3, 0x3d, 0xd0, 0xe2, 0x1a, 0x3c, 0xda, 0x3e, 0x85, 0xbd, 
0x09, 0xed, 0xa4, 0x3c, 0xa3, 0xb4, 0x9b, 0xbd, 0x04, 0xdb, 0xbf, 0x39, 
0xde, 0xc2, 0xd5, 0x3d, 0x88, 0x7d, 0xe2, 0x3c, 0x35, 0xf9, 0xe0, 0x3d, 
0xe5, 0x25, 0x51, 0xbe, 0x80, 0x48, 0x8e, 0x3b, 0x6e, 0xf3, 0x1a, 0x3e, 
0xb7, 0xad, 0x1f, 0xbe, 0xb7, 0xbf, 0x07, 0x3e, 0x1f, 0xe9, 0x25, 0xbe, 
0xaf, 0x1a, 0x14, 0xbe, 0xea, 0xda, 0x22, 0xbe, 0x72, 0x64, 0xe5, 0xbd, 
0xc6, 0x12, 0xe1, 0x3d, 0x6a, 0x59, 0x31, 0xbb, 0x03, 0x10, 0x6c, 0xbc, 
0x69, 0xc3, 0x27, 0xbe, 0x40, 0x6b, 0x73, 0x3d, 0x21, 0x12, 0x2d, 0x3e, 
0x95, 0x6d, 0x3d, 0xbb, 0x1b, 0xb5, 0x41, 0xbe, 0x1e, 0xb9, 0x12, 0x3e, 
0xda, 0x6c, 0x12, 0xbe, 0xaf, 0x93, 0x7c, 0xbd, 0x4a, 0xcb, 0xf8, 0x3d, 
0x9f, 0x1c, 0xa0, 0x3d, 0x4a, 0x44, 0x00, 0x3e, 0x6b, 0x83, 0xab, 0xbd, 
0x30, 0x5a, 0xa1, 0x3c, 0x66, 0xf0, 0xf6, 0x3d, 0x20, 0x94, 0x02, 0x3d, 
0x85, 0x4c, 0x1b, 0xbe, 0x8d, 0xb7, 0x94, 0x3d, 0x88, 0x49, 0xb9, 0x3c, 
0x68, 0x5f, 0xba, 0x3c, 0x08, 0xf3, 0x38, 0x3d, 0xd9, 0x98, 0x25, 0xbe, 
0x5d, 0x08, 0x13, 0x3e, 0x9a, 0x72, 0xe4, 0x3d, 0x43, 0x38, 0xe0, 0x3d, 
0xf9, 0x9e, 0xde, 0xbd, 0x6a, 0x7a, 0x93, 0x3d, 0x92, 0x5c, 0x3e, 0xbc, 
0xb0, 0x80, 0x2f, 0xbc, 0x6a, 0x13, 0xcc, 0xbd, 0xe2, 0x41, 0xea, 0x3d, 
0xbd, 0x70, 0x1f, 0x3e, 0xeb, 0xfe, 0x0d, 0x3e, 0xae, 0x14, 0xf9, 0x3d, 
0x00, 0x08, 0x86, 0x3b, 0x2e, 0xba, 0x13, 0xbe, 0x09, 0x21, 0x93, 0xbb, 
0x25, 0x68, 0xc2, 0xbd, 0xe3, 0x57, 0x81, 0xbd, 0x84, 0x2f, 0xa8, 0xbc, 
0x70, 0x19, 0xdb, 0x3c, 0x1b, 0xd8, 0xa5, 0xbd, 0x2d, 0x95, 0xde, 0x3d, 
0x08, 0x8d, 0xce, 0x3d, 0x40, 0x88, 0xb7, 0xbc, 0xe7, 0xc4, 0x2b, 0x3e, 
0xe7, 0xa9, 0x98, 0xbd, 0xed, 0x7b, 0xd9, 0x3c, 0x20, 0x01, 0x34, 0xbe, 
0xee, 0x00, 0x07, 0xbe, 0xf2, 0x19, 0xf7, 0x3d, 0x6e, 0x2c, 0xd1, 0x3d, 
0xc1, 0xbf, 0xfa, 0x3d, 0x93, 0x81, 0xef, 0xbd, 0x4b, 0xed, 0x0a, 0x3e, 
0xe6, 0x91, 0x35, 0xbe, 0x77, 0x64, 0x9f, 0x3c, 0x0f, 0x4a, 0x26, 0x3e, 
0x90, 0x5a, 0x0a, 0xbe, 0xa2, 0xca, 0x0b, 0x3e, 0x1b, 0xd8, 0xc2, 0xbd, 
0xb2, 0xed, 0xbf, 0x3d, 0xe7, 0x32, 0x1e, 0x3e, 0x9d, 0x1e, 0x42, 0xbd, 
0xe9, 0x3c, 0x33, 0xbe, 0xfa, 0x14, 0x6f, 0x3d, 0xb2, 0x47, 0xfa, 0x3d, 
0x80, 0x39, 0x80, 0x3c, 0x8f, 0xdc, 0xe1, 0xbd, 0xf6, 0x7b, 0xd6, 0x3d, 
0xee, 0x8e, 0xea, 0xbd, 0x19, 0x15, 0x7e, 0x3d, 0xbc, 0xff, 0x04, 0x3c, 
0x61, 0x45, 0xcf, 0xbd, 0xf3, 0xe5, 0x15, 0x3e, 0xe7, 0x78, 0xd1, 0x3c, 
0x63, 0xc5, 0x34, 0xbe, 0xf7, 0x54, 0x2c, 0xbe, 0xea, 0xbd, 0xdd, 0x3d, 
0xc3, 0x4f, 0xc1, 0x3d, 0xaf, 0xee, 0x81, 0xbc, 0xd3, 0x76, 0xf7, 0x3c, 
0xb6, 0x2e, 0x74, 0xbd, 0xb8, 0x70, 0xe3, 0xbd, 0x8e, 0xd3, 0xe8, 0xbc, 
0xcb, 0xb6, 0xbd, 0x3c, 0x49, 0x08, 0x07, 0x3e, 0xa8, 0x0d, 0x19, 0x3e, 
0xa1, 0xe8, 0x4e, 0x3d, 0x90, 0x98, 0x19, 0xbe, 0xff, 0x0c, 0x2a, 0x3e, 
0xd3, 0x70, 0x4c, 0xbb, 0x7c, 0xc6, 0x0b, 0xbe, 0x9f, 0xd5, 0x10, 0x3e, 
0x0e, 0xe0, 0xe1, 0x3d, 0xba, 0x25, 0x3a, 0xbe, 0xdc, 0xa1, 0x7f, 0x3d, 
0x97, 0x23, 0x26, 0x3e, 0x8d, 0xf9, 0x27, 0xbe, 0xb6, 0x91, 0x26, 0xbe, 
0x04, 0xa7, 0x33, 0xbe, 0x29, 0x91, 0xaf, 0xbd, 0x92, 0x33, 0x05, 0xbe, 
0xe4, 0xdf, 0x29, 0xbe, 0xfa, 0xdd, 0x68, 0x3d, 0xff, 0x9f, 0x95, 0xbd, 
0x1e, 0xb2, 0xe4, 0xbd, 0xc3, 0x80, 0xee, 0x3c, 0x15, 0x7f, 0xfc, 0xbd, 
0x48, 0xa6, 0xeb, 0x3c, 0x85, 0x3f, 0x99, 0xbd, 0x68, 0xed, 0xd3, 0xbd, 
0xcf, 0x26, 0xb0, 0x3d, 0xc9, 0x3e, 0x15, 0x3d, 0xc4, 0xbb, 0x24, 0xbd, 
0xec, 0xa4, 0x47, 0x3d, 0x8a, 0xbf, 0xee, 0xbd, 0xb0, 0x11, 0xef, 0xbc, 
0x47, 0x86, 0xd8, 0xbd, 0x44, 0x85, 0x8d, 0xbd, 0xc7, 0xcd, 0x39, 0x3e, 
0x76, 0x90, 0xdd, 0xbd, 0xd6, 0xff, 0x73, 0x3d, 0x75, 0xc9, 0x19, 0x3e, 
0x52, 0x5e, 0x2f, 0xbe, 0x47, 0x7f, 0x03, 0x3e, 0xd2, 0x37, 0x0e, 0x3e, 
0x26, 0xf3, 0x97, 0x3c, 0x69, 0xff, 0x3f, 0xbd, 0x02, 0xea, 0x05, 0xbe, 
0x5a, 0x28, 0xee, 0xbd, 0xc0, 0x08, 0x98, 0x3c, 0x1e, 0xbd, 0x4b, 0xbd, 
0x44, 0x96, 0xbc, 0xbc, 0x61, 0x57, 0x14, 0xbe, 0x07, 0xbe, 0xc2, 0x3d, 
0xb4, 0x0e, 0xd5, 0x3b, 0x80, 0xa4, 0xfc, 0x3d, 0x09, 0x1b, 0xfa, 0x3d, 
0xb4, 0x15, 0xf6, 0xbc, 0x60, 0xad, 0xee, 0xbc, 0xcc, 0xdc, 0xd2, 0xbd, 
0x76, 0x17, 0x2a, 0xbd, 0xaa, 0x15, 0xb5, 0x3d, 0xd9, 0x94, 0x2c, 0x3e, 
0x4d, 0x90, 0xd3, 0x3c, 0x09, 0x65, 0x37, 0xbd, 0xdb, 0x4b, 0x03, 0xbe, 
0xa5, 0x89, 0x3e, 0x3e, 0x4b, 0x31, 0x2c, 0x3c, 0x3f, 0xff, 0x27, 0x3e, 
0x6b, 0x15, 0x8a, 0x3c, 0x94, 0x1e, 0x03, 0x3e, 0x45, 0xe0, 0x01, 0x3e, 
0x2a, 0xad, 0x09, 0xbe, 0xcb, 0xdc, 0x6d, 0xbd, 0x40, 0xb4, 0x87, 0xbc, 
0x39, 0xab, 0xb6, 0xbd, 0xc0, 0x60, 0xc0, 0x3c, 0xde, 0x99, 0x0d, 0x3e, 
0x14, 0x00, 0xa9, 0xbd, 0xe4, 0x23, 0x99, 0x3d, 0xfe, 0xb1, 0xe0, 0x3d, 
0x80, 0x51, 0xe8, 0xba, 0x00, 0xe8, 0x1c, 0x3e, 0x3e, 0x27, 0x07, 0x3e, 
0x82, 0xbc, 0x93, 0x3d, 0xce, 0x8d, 0x0d, 0xbe, 0x8f, 0xbb, 0x8e, 0xbb, 
0x26, 0x00, 0x3f, 0x3e, 0x55, 0x90, 0x85, 0xbc, 0x23, 0x9a, 0x89, 0x3d, 
0xa2, 0xf5, 0xbe, 0x3d, 0x7c, 0x0f, 0x50, 0xbd, 0x28, 0xb3, 0xaf, 0x3c, 
0xa6, 0x6b, 0x18, 0x3d, 0x8a, 0xce, 0xad, 0xbd, 0xcc, 0xa4, 0xe7, 0x3d, 
0x00, 0xc6, 0x33, 0xbd, 0x76, 0x47, 0xc3, 0x3d, 0xcc, 0xf3, 0x1c, 0x3e, 
0xed, 0x14, 0xb6, 0x3b, 0x8a, 0xe2, 0x16, 0x3e, 0x20, 0x87, 0x93, 0x3d, 
0x9c, 0xb4, 0x41, 0xbc, 0x00, 0x18, 0x9e, 0x3b, 0x7b, 0xe3, 0x03, 0x3e, 
0x1f, 0x87, 0xa2, 0x3d, 0x39, 0xc5, 0x08, 0x3e, 0x65, 0x3d, 0xd5, 0xbd, 
0xe6, 0x58, 0xa8, 0x3d, 0x8e, 0x32, 0x1e, 0xbe, 0x50, 0xdd, 0x76, 0xbd, 
0x66, 0x03, 0x0d, 0x3e, 0x3e, 0x3e, 0xbf, 0x3d, 0x28, 0x92, 0xbc, 0xbd, 
0x65, 0x03, 0xa0, 0xbd, 0x7a, 0x52, 0xa5, 0xbd, 0xa4, 0xb0, 0xb1, 0xbd, 
0x54, 0xcd, 0x8c, 0xbc, 0xb6, 0x00, 0xeb, 0xbd, 0x0a, 0xa7, 0xc0, 0x3d, 
0xb4, 0xf5, 0x08, 0x3e, 0x20, 0x24, 0xa9, 0xbd, 0xa5, 0x95, 0x34, 0x3e, 
0xe0, 0x19, 0xf0, 0xbc, 0x00, 0x41, 0x26, 0xbe, 0x84, 0x42, 0x91, 0xbc, 
0xaf, 0xb2, 0x4e, 0xbd, 0xc6, 0x58, 0xb0, 0xbd, 0xac, 0xe3, 0x8e, 0x3d, 
0xdb, 0x14, 0x23, 0x3e, 0xdf, 0xd2, 0xea, 0xbc, 0xba, 0xb4, 0x3c, 0xbe, 
0x5a, 0x07, 0x1d, 0xbe, 0xfd, 0xe7, 0xab, 0xbd, 0x49, 0x48, 0x03, 0x3d, 
0xc0, 0x3a, 0x98, 0xbb, 0x88, 0x60, 0x1f, 0xbc, 0x47, 0xc4, 0xd5, 0xbc, 
0x80, 0x88, 0xb6, 0x3a, 0x9e, 0xc2, 0x91, 0x3d, 0x59, 0xc3, 0x31, 0xbe, 
0x29, 0x1b, 0xf1, 0xbd, 0x39, 0xe6, 0x02, 0x3d, 0xd7, 0xb0, 0x8c, 0xbc, 
0xca, 0x6f, 0xcb, 0x3d, 0x6c, 0x94, 0xba, 0xbd, 0xcf, 0x72, 0xb5, 0x3c, 
0xcb, 0xab, 0x9b, 0xbd, 0x68, 0x04, 0x47, 0x3d, 0x94, 0x7c, 0xc6, 0x3d, 
0xd5, 0xed, 0x16, 0x3e, 0xee, 0x7a, 0xde, 0xbd, 0x64, 0x71, 0x02, 0xbe, 
0xd5, 0xa7, 0x89, 0x3d, 0x54, 0x3f, 0x35, 0x3d, 0x1c, 0x36, 0x6a, 0x3d, 
0xfa, 0xa1, 0x10, 0xbe, 0x63, 0x8b, 0x02, 0xbe, 0xe7, 0xda, 0x87, 0x3d, 
0xaf, 0xfc, 0x25, 0x3e, 0x76, 0xa9, 0xdf, 0xbd, 0x71, 0xb5, 0x21, 0x3e, 
0x96, 0xda, 0x09, 0x3d, 0xe6, 0x41, 0x0a, 0x3d, 0x61, 0x62, 0xe3, 0xbd, 
0x2b, 0x4f, 0x50, 0xbd, 0x40, 0xc6, 0x23, 0x3e, 0xe0, 0x19, 0x9a, 0xbb, 
0x74, 0x97, 0xee, 0x3c, 0x8f, 0xda, 0x78, 0x3d, 0xdf, 0xa4, 0x28, 0x3e, 
0x58, 0x54, 0x07, 0xbe, 0x7a, 0xa1, 0xa1, 0x3d, 0xa1, 0x06, 0xa5, 0x3d, 
0xe8, 0x4b, 0x71, 0xbd, 0x56, 0x35, 0x80, 0xbd, 0xbe, 0x78, 0xc1, 0x3d, 
0x68, 0xa6, 0xc6, 0x3c, 0xc2, 0xc1, 0x1c, 0x3e, 0xf8, 0xb0, 0x81, 0x3d, 
0x06, 0xff, 0xec, 0x3d, 0xd1, 0x77, 0x23, 0xbe, 0x52, 0xce, 0xfe, 0xbd, 
0xd6, 0xa5, 0xfc, 0x3d, 0xaf, 0x86, 0x07, 0xbe, 0xfe, 0x95, 0xa5, 0xbd, 
0x04, 0xab, 0x69, 0x3d, 0x00, 0x46, 0x00, 0x3a, 0xff, 0x37, 0x1f, 0x3e, 
0x4a, 0x8b, 0xcc, 0xbd, 0x39, 0xfd, 0xb1, 0x3d, 0x74, 0x8d, 0xdc, 0x3d, 
0x9c, 0x50, 0x10, 0x3d, 0x42, 0xf7, 0x9a, 0x3d, 0xd3, 0x38, 0x05, 0x3e, 
0x08, 0x50, 0x07, 0x3d, 0x92, 0x2a, 0x31, 0xbe, 0x1e, 0x6b, 0x10, 0xbe, 
0x61, 0x2f, 0x47, 0x3c, 0x40, 0x3e, 0x75, 0x3c, 0x66, 0xa1, 0xb8, 0xbd, 
0x41, 0xb9, 0xf3, 0x3d, 0xf4, 0xe7, 0x83, 0x3d, 0x28, 0xc3, 0x32, 0xbe, 
0xa8, 0x67, 0xc9, 0xbc, 0xcd, 0xc9, 0x23, 0x3e, 0x72, 0xd0, 0x99, 0xbd, 
0xee, 0xdf, 0x35, 0x3e, 0xca, 0xdc, 0xb2, 0x3d, 0xf4, 0xbd, 0x6a, 0xbd, 
0x28, 0xbc, 0x1a, 0xbd, 0xb6, 0x89, 0xa0, 0xbd, 0x44, 0x21, 0x22, 0xbd, 
0x09, 0xbe, 0x83, 0x3d, 0x2d, 0x27, 0x85, 0xbd, 0x2f, 0x97, 0xc4, 0x3b, 
0x9c, 0xd7, 0x90, 0x3d, 0x35, 0xf6, 0x1c, 0x3e, 0xd8, 0xe1, 0x28, 0xbe, 
0xce, 0x6a, 0xb8, 0x3d, 0x16, 0x18, 0x26, 0xbe, 0x76, 0x1b, 0x96, 0xbd, 
0x0f, 0x9c, 0x8e, 0xbc, 0x63, 0x3c, 0x8e, 0xbc, 0xfe, 0xa0, 0xf5, 0x3d, 
0xa0, 0x7b, 0x84, 0xbd, 0x1a, 0x5e, 0x1b, 0xbe, 0xa0, 0x4e, 0x12, 0xbc, 
0xb4, 0x43, 0x71, 0x3d, 0xb3, 0x10, 0x24, 0xbe, 0x36, 0x4d, 0x0a, 0xbe, 
0xd0, 0x38, 0x80, 0x3d, 0x03, 0x59, 0x1f, 0x3e, 0xed, 0x57, 0xf4, 0x3d, 
0x3e, 0xdf, 0xdf, 0x3d, 0x31, 0x8f, 0x1d, 0x3e, 0xd6, 0xa4, 0x84, 0xbc, 
0x74, 0x88, 0xd4, 0xbd, 0xcb, 0x57, 0xbb, 0xbd, 0xce, 0xd3, 0xc3, 0xbd, 
0xd1, 0xbe, 0x22, 0x3e, 0x1b, 0x8c, 0x33, 0x3e, 0xb4, 0x6a, 0xc0, 0x3d, 
0xda, 0x9f, 0x84, 0x3d, 0xfd, 0x13, 0xe1, 0x3d, 0xbd, 0x40, 0x7d, 0x3c, 
0x56, 0x5c, 0x45, 0xbd, 0x8d, 0x2c, 0xf4, 0xbc, 0x16, 0x12, 0x7c, 0x3d, 
0xc2, 0x69, 0xac, 0x3d, 0x80, 0x9a, 0xfc, 0xba, 0x44, 0xb6, 0x7a, 0x3d, 
0x06, 0xf2, 0xd0, 0x3d, 0x5e, 0xfb, 0x74, 0x3d, 0x37, 0x73, 0x2b, 0x3e, 
0x1a, 0x52, 0x97, 0xbd, 0x08, 0x09, 0x11, 0xbd, 0xc0, 0x43, 0xa3, 0x3c, 
0xf1, 0xdb, 0x0f, 0xbe, 0xc2, 0xf8, 0xf7, 0x3d, 0x54, 0x9b, 0x27, 0x3d, 
0xbe, 0xab, 0x13, 0x3d, 0xa1, 0x00, 0x19, 0xbd, 0x1e, 0x5a, 0xaf, 0xbd, 
0x01, 0xf0, 0x12, 0xbe, 0x80, 0x4d, 0x92, 0x3a, 0x1b, 0x05, 0x07, 0x3e, 
0x80, 0x4f, 0x37, 0xbc, 0xa2, 0xfb, 0x2a, 0xbe, 0x8f, 0x7e, 0xc3, 0x3b, 
0x0c, 0x3d, 0x8a, 0x3d, 0x9d, 0x66, 0xf0, 0xbc, 0x12, 0x56, 0x04, 0xbe, 
0xb4, 0x8a, 0x15, 0xbe, 0xe8, 0x49, 0xdd, 0x3c, 0x23, 0x77, 0xdf, 0xbd, 
0x6d, 0x41, 0x36, 0x3e, 0xff, 0x9a, 0x02, 0xbe, 0x03, 0xc7, 0x8a, 0x3d, 
0x22, 0x86, 0xe3, 0x3d, 0x5b, 0xb8, 0xc6, 0xbd, 0x3a, 0x85, 0x86, 0x3d, 
0x00, 0xd4, 0xd6, 0x39, 0x4a, 0x39, 0x2a, 0xbe, 0x3a, 0xd5, 0xe8, 0x3d, 
0xc7, 0xc7, 0xf1, 0xbd, 0x48, 0x36, 0x30, 0xbe, 0x0e, 0x36, 0xba, 0xbc, 
0xe2, 0xa0, 0xf9, 0xbd, 0xbe, 0x4b, 0xa5, 0xbd, 0x90, 0x51, 0xb5, 0x3d, 
0x38, 0xe9, 0x4c, 0xbe, 0xe8, 0xe2, 0x4d, 0xbd, 0xde, 0xb3, 0x1b, 0x3d, 
0x3a, 0x6d, 0x81, 0xbd, 0xab, 0x88, 0x10, 0x3e, 0xb6, 0x9f, 0x23, 0x3e, 
0x88, 0x32, 0x87, 0x3d, 0x3c, 0xf0, 0xba, 0xbd, 0xea, 0x7a, 0xfa, 0x3d, 
0x1a, 0x42, 0xb8, 0x3d, 0x9b, 0xd0, 0xc0, 0xbd, 0xf7, 0x29, 0xab, 0xbc, 
0x19, 0xe3, 0x11, 0x3e, 0xee, 0x05, 0xcc, 0x3d, 0x28, 0x23, 0x89, 0x3c, 
0x1e, 0x57, 0x28, 0xbd, 0x75, 0x63, 0xb7, 0xbd, 0xb0, 0xd4, 0x55, 0xbc, 
0x6b, 0x2b, 0xa8, 0x3d, 0x3e, 0xdc, 0x6d, 0xbd, 0xad, 0xeb, 0x0b, 0x3e, 
0xd9, 0x9a, 0x21, 0x3e, 0x4f, 0x6b, 0x32, 0xbd, 0x0e, 0x25, 0x98, 0xbd, 
0xe2, 0xc3, 0xb2, 0x3d, 0xde, 0xb9, 0x9d, 0x3d, 0x46, 0x16, 0x95, 0x3d, 
0x59, 0x6d, 0xe9, 0x3d, 0x66, 0x7d, 0xde, 0x3d, 0x68, 0x50, 0x1f, 0xbe, 
0xc3, 0xe4, 0x80, 0xbd, 0xf5, 0xac, 0x26, 0xbe, 0x6f, 0x02, 0xbd, 0x3d, 
0xb3, 0x2b, 0xe5, 0xbd, 0x82, 0x83, 0xfc, 0x3d, 0x75, 0xa4, 0x7b, 0x3d, 
0x92, 0x48, 0xf2, 0x3d, 0xf5, 0xc0, 0x8b, 0xbd, 0x1f, 0x84, 0x1c, 0xbe, 
0xbe, 0x9d, 0x8c, 0x3d, 0xe0, 0xad, 0x79, 0xbc, 0xde, 0xba, 0xfa, 0x3d, 
0xa0, 0x16, 0x35, 0xbd, 0xca, 0x22, 0x04, 0xbe, 0x53, 0xf4, 0x02, 0xbe, 
0xbc, 0x64, 0x9d, 0xbd, 0xe0, 0x9e, 0x10, 0xbd, 0x35, 0x9a, 0x2d, 0x3e, 
0xac, 0xf8, 0x5c, 0xbe, 0x9e, 0xd7, 0xb3, 0x3d, 0xa8, 0xf6, 0x1e, 0xbd, 
0xc1, 0xf8, 0x1a, 0x3e, 0x7a, 0x5c, 0xc7, 0x3d, 0xd6, 0x8b, 0x59, 0x3d, 
0x4c, 0xb1, 0x0e, 0x3e, 0x45, 0x6a, 0x30, 0x3e, 0x52, 0x65, 0xc9, 0x3d, 
0x13, 0x51, 0x08, 0x3e, 0xf2, 0x8e, 0x1a, 0x3e, 0x03, 0x70, 0x25, 0x3d, 
0xa3, 0x96, 0xfc, 0x3d, 0x26, 0x56, 0xba, 0x3d, 0x48, 0x2f, 0xc5, 0xbc, 
0x68, 0x7b, 0xfe, 0x3c, 0xf6, 0xc5, 0xe6, 0xbd, 0xf8, 0x20, 0xa0, 0xbd, 
0x83, 0x11, 0xc7, 0x3d, 0xc8, 0x68, 0xe7, 0x3d, 0x4f, 0x17, 0xb6, 0xbd, 
0x59, 0x82, 0x94, 0xbd, 0xf4, 0x64, 0x53, 0x3d, 0xef, 0x72, 0x1b, 0x3e, 
0xdc, 0x07, 0x7e, 0x3d, 0xe2, 0x25, 0xb2, 0x3d, 0x77, 0xb4, 0x21, 0x3e, 
0x7f, 0x43, 0x0c, 0x3e, 0x2a, 0x88, 0x44, 0x3d, 0x00, 0x92, 0x51, 0xba, 
0x68, 0x5c, 0x4a, 0xbd, 0xa6, 0x79, 0x0e, 0x3d, 0x6a, 0x5a, 0xd6, 0xbd, 
0x08, 0x4f, 0x87, 0xbc, 0x35, 0x75, 0x00, 0x3e, 0x6f, 0xf3, 0x29, 0x3e, 
0x86, 0xbe, 0xc2, 0x3d, 0x23, 0x83, 0x12, 0x3d, 0x18, 0x5b, 0xdd, 0x3d, 
0x00, 0xfc, 0x8e, 0x3d, 0xf8, 0xcc, 0xbf, 0xbc, 0x30, 0x80, 0xf2, 0x3c, 
0x62, 0x90, 0x07, 0x3d, 0x69, 0x9f, 0x09, 0x3e, 0x97, 0x21, 0x1f, 0x3e, 
0xe4, 0x06, 0x2f, 0xbe, 0xac, 0x13, 0x2b, 0x3d, 0x2d, 0x20, 0x11, 0x3e, 
0x6c, 0xe4, 0x13, 0xbd, 0x0d, 0x7f, 0x12, 0x3e, 0x5c, 0x80, 0xdf, 0xbd, 
0xe9, 0xff, 0x78, 0x3c, 0x1c, 0xd6, 0x32, 0x39, 0xc1, 0x98, 0x97, 0xbd, 
0xb2, 0x7a, 0xe2, 0xbd, 0x00, 0x1d, 0x4c, 0xbb, 0x20, 0xc3, 0x07, 0xbe, 
0x85, 0xb7, 0x15, 0xbe, 0xb7, 0x68, 0x3b, 0x3d, 0xe8, 0x05, 0x03, 0xbe, 
0x6e, 0x83, 0x51, 0x3d, 0x20, 0x58, 0xac, 0x3c, 0x28, 0x38, 0x17, 0x3d, 
0xea, 0x18, 0x65, 0x3c, 0xeb, 0xfd, 0xaa, 0xbd, 0xe0, 0x7f, 0x2f, 0xbe, 
0xcc, 0xa5, 0xdb, 0x3d, 0x2f, 0x9c, 0x12, 0x3e, 0xc6, 0x52, 0xed, 0xbd, 
0x69, 0x75, 0xad, 0x3c, 0x19, 0x3c, 0x0f, 0x3d, 0x3a, 0x9b, 0x7d, 0xbd, 
0x26, 0x7f, 0x9c, 0x3d, 0x1e, 0xd1, 0xd4, 0x3c, 0x13, 0x8b, 0x14, 0xbe, 
0x74, 0xfc, 0x98, 0x3d, 0xe3, 0xc9, 0xab, 0x3d, 0x67, 0xa2, 0x0e, 0xbe, 
0x10, 0x83, 0x30, 0xbe, 0x19, 0x04, 0x88, 0x3d, 0x87, 0x77, 0x28, 0xbd, 
0x99, 0xb7, 0x80, 0xbd, 0x0f, 0xd5, 0x09, 0xbb, 0xc3, 0xd2, 0x03, 0x3d, 
0xf2, 0x86, 0x8a, 0xbc, 0xec, 0x87, 0x04, 0xbd, 0xe9, 0x8e, 0x0a, 0xbe, 
0x53, 0x32, 0x18, 0xbe, 0x21, 0x0f, 0x12, 0x3e, 0xd1, 0x44, 0x0e, 0xbe, 
0xd2, 0x87, 0xf9, 0x3d, 0xbc, 0x9e, 0xe9, 0x3d, 0x2e, 0x21, 0xb2, 0x3d, 
0x4c, 0x41, 0xd2, 0xbd, 0x00, 0x43, 0x64, 0x3d, 0x37, 0x19, 0x82, 0xbd, 
0x46, 0x08, 0xfd, 0x3d, 0x68, 0x23, 0x6f, 0xbd, 0x23, 0xb0, 0x99, 0x3d, 
0xda, 0x15, 0xbd, 0x3c, 0x37, 0xa1, 0x87, 0x3d, 0x72, 0xc5, 0x86, 0xbd, 
0x78, 0x20, 0x20, 0xbe, 0x09, 0x72, 0x28, 0x3e, 0x76, 0x93, 0xb3, 0x3d, 
0x40, 0xd9, 0xa2, 0xbc, 0x62, 0xeb, 0x12, 0x3d, 0x73, 0x67, 0xaa, 0x3d, 
0xcf, 0xf8, 0xed, 0xbd, 0xe3, 0x1f, 0x1c, 0x3e, 0x37, 0x51, 0x2f, 0x3e, 
0x54, 0x1d, 0x20, 0xbe, 0x38, 0xe2, 0xcf, 0x3d, 0xb3, 0x58, 0x2e, 0x3d, 
0x57, 0x63, 0x3d, 0xbe, 0x60, 0x69, 0xb4, 0xbd, 0x30, 0x2c, 0x95, 0x3d, 
0xdb, 0xdb, 0x04, 0xbe, 0x39, 0x6d, 0x1e, 0xbe, 0x4a, 0xc5, 0xbc, 0xbd, 
0x75, 0x5b, 0x34, 0x3e, 0x68, 0xe4, 0x4b, 0x3d, 0xe3, 0x17, 0xcc, 0xbd, 
0x3c, 0x69, 0x8b, 0x3d, 0x2c, 0x92, 0x81, 0xbd, 0xaa, 0x51, 0xaa, 0x3d, 
0x98, 0x7e, 0x5b, 0x3d, 0xe2, 0x7d, 0x7f, 0x3d, 0x8f, 0x34, 0x2c, 0xbe, 
0xdd, 0x16, 0xe0, 0xbd, 0x75, 0x35, 0x12, 0xbe, 0x4b, 0xb3, 0xbb, 0x3d, 
0x90, 0xb9, 0x8a, 0x3c, 0xe5, 0xc5, 0xe2, 0xbd, 0xa4, 0x2f, 0xe3, 0xbd, 
0x7e, 0x0b, 0x15, 0xbe, 0xc7, 0x6a, 0x1d, 0xbe, 0xb0, 0x54, 0x6d, 0x3d, 
0xc5, 0x7f, 0x1d, 0x3e, 0xa0, 0x84, 0x2c, 0xbe, 0x52, 0xe7, 0x43, 0xbe, 
0x70, 0x07, 0x04, 0xbe, 0x9b, 0x73, 0xa1, 0xbd, 0x2b, 0xc1, 0x00, 0x3e, 
0x55, 0xa5, 0x1d, 0x3d, 0x3f, 0x5e, 0xce, 0xbd, 0x3e, 0xdc, 0x85, 0x3b, 
0xb1, 0x52, 0x11, 0x3e, 0xb3, 0x51, 0x33, 0x3e, 0x12, 0x13, 0x3b, 0xbe, 
0xaa, 0xf6, 0x32, 0x3d, 0xa4, 0xbe, 0x08, 0x3d, 0x5c, 0xee, 0xa0, 0xbd, 
0x04, 0xdf, 0x5d, 0xbd, 0xb8, 0x94, 0xd9, 0xba, 0x49, 0x86, 0x94, 0x3d, 
0x39, 0x45, 0xf4, 0xbd, 0x04, 0x68, 0xeb, 0xbd, 0x2c, 0x7b, 0x82, 0xbd, 
0x16, 0x35, 0x1a, 0x3e, 0x33, 0xab, 0xb4, 0x3d, 0x80, 0x38, 0x8d, 0x3c, 
0xf5, 0x4e, 0x79, 0x3d, 0x34, 0x71, 0x00, 0xbe, 0x97, 0x2e, 0xd5, 0xbd, 
0xc4, 0x8f, 0x0a, 0x3e, 0x11, 0x0f, 0xbb, 0x3d, 0xc8, 0x9b, 0x07, 0xbe, 
0x16, 0xe3, 0x9d, 0xbd, 0xa9, 0x9d, 0xc2, 0xbd, 0x73, 0x22, 0xd4, 0xbd, 
0xd3, 0x84, 0xf8, 0xbd, 0xb4, 0xb4, 0x66, 0xbd, 0x80, 0xe9, 0xf3, 0x3c, 
0x04, 0xdd, 0x0e, 0xbd, 0x40, 0xd5, 0xa9, 0x3d, 0xf3, 0xcc, 0x1c, 0x3e, 
0x02, 0xc9, 0x2c, 0xbe, 0xbe, 0x03, 0xbc, 0x3d, 0xd6, 0x1c, 0xf7, 0xbd, 
0x2c, 0x9d, 0xec, 0xbd, 0xfd, 0x05, 0x10, 0x3e, 0xd8, 0x54, 0x90, 0xbd, 
0x81, 0x2a, 0x0f, 0xbe, 0x12, 0xa4, 0x94, 0x3d, 0x0b, 0xdd, 0x06, 0x3e, 
0x0c, 0x26, 0xf3, 0x3c, 0xf9, 0x6f, 0xe6, 0xbd, 0xd0, 0xb3, 0x22, 0xbe, 
0x73, 0x0f, 0x13, 0x3e, 0xe6, 0xa1, 0xa0, 0x3d, 0x9c, 0xc1, 0x38, 0x3d, 
0x69, 0xa9, 0x0d, 0x3e, 0x88, 0x6b, 0x85, 0xbd, 0x9b, 0x2f, 0x87, 0xbd, 
0x4d, 0x41, 0x1b, 0x3e, 0x7f, 0x47, 0x00, 0x3e, 0x19, 0x25, 0x9a, 0xbd, 
0x9f, 0x1f, 0x0b, 0xbe, 0xf2, 0x4a, 0x06, 0xbe, 0x84, 0x86, 0x7e, 0xbd, 
0x14, 0x9a, 0x33, 0x3d, 0x31, 0x90, 0x64, 0x3d, 0x68, 0x86, 0xd0, 0xbb, 
0xe0, 0x5b, 0x0f, 0x3e, 0x0a, 0xc6, 0xaf, 0x3d, 0xba, 0x0a, 0xee, 0x3d, 
0xf3, 0xe8, 0x10, 0xbe, 0x20, 0x03, 0x21, 0xbe, 0x1c, 0x0d, 0x4e, 0x3d, 
0xff, 0xaf, 0x3b, 0x3d, 0x46, 0x9c, 0x81, 0xbd, 0x70, 0x28, 0x71, 0x3d, 
0x79, 0x32, 0x56, 0x3c, 0xa7, 0x68, 0x1d, 0x3e, 0x9a, 0xff, 0xa7, 0x3d, 
0x58, 0x58, 0xad, 0xbc, 0x78, 0xc6, 0x30, 0xbe, 0xa6, 0x3c, 0x06, 0x3e, 
0x4c, 0xac, 0xf9, 0x3d, 0xf9, 0x2a, 0xe0, 0xbd, 0x5c, 0x8b, 0xd4, 0xbd, 
0xa1, 0xfc, 0x0c, 0xbe, 0x3b, 0xf7, 0x3d, 0x3c, 0x68, 0xe7, 0x1e, 0x3d, 
0x30, 0xa4, 0x37, 0xbc, 0x32, 0xf2, 0xc8, 0xbc, 0x95, 0x0d, 0x15, 0x3e, 
0xb6, 0x48, 0xa2, 0xbd, 0x35, 0x7b, 0x2c, 0x3c, 0x5c, 0xd5, 0x39, 0x3d, 
0x2b, 0xb5, 0xf5, 0xbd, 0x3e, 0x6f, 0x16, 0xbe, 0x77, 0xae, 0x26, 0x3e, 
0xc9, 0x5d, 0x0c, 0x3e, 0x20, 0xd3, 0x8f, 0x3d, 0xdb, 0x87, 0xcd, 0xbd, 
0xf6, 0x0f, 0x01, 0xbe, 0x80, 0x08, 0xb5, 0xbc, 0x4a, 0x9b, 0x9c, 0x3c, 
0x2b, 0x3f, 0xac, 0xbd, 0x11, 0xa7, 0xc3, 0xbd, 0x72, 0xc5, 0xae, 0xbd, 
0xad, 0xc3, 0x1e, 0xbe, 0x20, 0x3c, 0x33, 0x3d, 0x28, 0x37, 0x38, 0xbe, 
0x53, 0xdb, 0xd9, 0xbd, 0x1e, 0x72, 0xf3, 0x3d, 0xf8, 0xf0, 0xce, 0xbc, 
0x16, 0x7f, 0x14, 0xbe, 0xf3, 0x54, 0x75, 0xbd, 0x75, 0xcb, 0x29, 0x3e, 
0xef, 0x7e, 0xd4, 0xbc, 0x88, 0x27, 0xb1, 0xbc, 0x48, 0x7c, 0x19, 0xbd, 
0xe2, 0x82, 0x89, 0x3d, 0x59, 0xaf, 0xd5, 0xbd, 0x40, 0x04, 0xd0, 0xbb, 
0xb8, 0x05, 0xce, 0x3d, 0xa3, 0x0f, 0x27, 0xbe, 0x75, 0x8c, 0xda, 0x3d, 
0x5d, 0x0f, 0xf7, 0xbd, 0xe1, 0x3c, 0x41, 0x3d, 0xa8, 0xb2, 0x97, 0xbc, 
0x0d, 0x26, 0x24, 0x3e, 0x4f, 0x78, 0x0b, 0x3e, 0x44, 0x2f, 0xc1, 0x3d, 
0xbc, 0x26, 0xcd, 0xbd, 0x96, 0xf8, 0x27, 0x3e, 0x69, 0x35, 0x06, 0x3e, 
0x6d, 0xd5, 0x0d, 0xbe, 0x4c, 0x58, 0xd6, 0x3c, 0xd2, 0x43, 0xde, 0x3d, 
0x18, 0x1a, 0xde, 0xbc, 0xae, 0x39, 0xfa, 0xbd, 0x87, 0xa8, 0x18, 0xbc, 
0x41, 0x5f, 0x21, 0xbe, 0xf6, 0xc3, 0xde, 0x3d, 0xde, 0xd4, 0x98, 0xbc, 
0x5e, 0x8c, 0x1f, 0xbe, 0x86, 0x4a, 0x9d, 0x3d, 0xc8, 0x7f, 0x1f, 0xbe, 
0xca, 0xc9, 0xa4, 0x3d, 0x44, 0x07, 0x44, 0x3d, 0x74, 0x58, 0x19, 0xbd, 
0xc4, 0xe9, 0x49, 0xbd, 0xd8, 0x17, 0x85, 0xbc, 0x9b, 0xe3, 0x36, 0xbe, 
0x48, 0xd1, 0xf7, 0x3c, 0x8b, 0x62, 0x28, 0xbe, 0x21, 0x4e, 0x3e, 0xbe, 
0xd5, 0x95, 0x1a, 0xbe, 0x9c, 0xec, 0xf1, 0xbd, 0x95, 0xc2, 0x68, 0xbc, 
0x35, 0x6d, 0xc6, 0x3d, 0x68, 0x45, 0x21, 0x3d, 0xdf, 0x5a, 0x29, 0xbe, 
0xf4, 0xb7, 0xf1, 0xbd, 0xc2, 0x27, 0x08, 0xbe, 0x6a, 0xe6, 0xf2, 0x3c, 
0xad, 0x49, 0x22, 0xbe, 0xb7, 0xee, 0x2e, 0x3e, 0x6a, 0x67, 0x9c, 0xbd, 
0x6b, 0x4a, 0x7a, 0x3d, 0xc9, 0x8e, 0xe4, 0xbd, 0x37, 0x24, 0x94, 0xbd, 
0x20, 0x64, 0x3e, 0xbe, 0x49, 0x9f, 0x02, 0x3e, 0x4e, 0x0f, 0x89, 0x3d, 
0xd5, 0xd0, 0xb6, 0x3d, 0x0a, 0x89, 0xad, 0x3d, 0xf1, 0xd2, 0xe3, 0xbd, 
0x96, 0x18, 0xd7, 0x3d, 0x2f, 0x46, 0xc9, 0xbd, 0x87, 0xe5, 0xc5, 0xbd, 
0xe1, 0x82, 0xda, 0xbc, 0xe8, 0xca, 0x0b, 0xbe, 0xe0, 0xe3, 0xe2, 0x3c, 
0x68, 0xcf, 0xd4, 0xbc, 0xac, 0x49, 0x38, 0xbe, 0xf5, 0xb2, 0x2e, 0x3e, 
0x96, 0xda, 0x28, 0xbe, 0x44, 0x71, 0x18, 0xbc, 0xb6, 0x01, 0xb6, 0xbd, 
0x3a, 0xf5, 0x9d, 0xbd, 0x69, 0xae, 0x84, 0xbd, 0x39, 0xe1, 0x35, 0xbe, 
0xf6, 0x08, 0x91, 0x3d, 0xe7, 0xfd, 0x25, 0xbe, 0x58, 0x8c, 0x08, 0xbe, 
0xd2, 0x8f, 0xf0, 0xbd, 0x9b, 0xb4, 0xc5, 0xbd, 0x47, 0x7a, 0x18, 0x3c, 
0x00, 0x43, 0x20, 0x3d, 0x00, 0x68, 0xe7, 0x3a, 0xa6, 0x2e, 0x84, 0xbd, 
0xa1, 0xb2, 0x2d, 0xbe, 0xd7, 0x2a, 0x05, 0x3e, 0xc1, 0xa6, 0x4c, 0xbd, 
0x02, 0xf3, 0xb9, 0x3d, 0xad, 0x46, 0x9e, 0xbd, 0x48, 0xeb, 0x05, 0xbe, 
0xe8, 0xdd, 0xd7, 0x3d, 0xb3, 0xc5, 0x27, 0xbe, 0x68, 0xd9, 0x2a, 0xbe, 
0x17, 0x31, 0xf6, 0xbd, 0xfb, 0x27, 0xcc, 0xbd, 0x54, 0x3d, 0xe1, 0x3c, 
0x8e, 0x5f, 0x21, 0xbd, 0x02, 0x24, 0xd4, 0xbd, 0x38, 0x66, 0x8b, 0x3d, 
0x44, 0x1b, 0x94, 0xbd, 0x60, 0xb8, 0x32, 0xbd, 0x7e, 0xcb, 0x8f, 0x3d, 
0xa8, 0x5c, 0xb4, 0x3c, 0x4c, 0x9c, 0xbc, 0xbd, 0xe1, 0x44, 0xac, 0xbd, 
0x1f, 0x7e, 0xda, 0x3d, 0x23, 0x11, 0x21, 0x3e, 0x39, 0xf3, 0x22, 0x3e, 
0x9f, 0x13, 0x87, 0xbd, 0xc0, 0x23, 0xb4, 0xbc, 0xd1, 0xed, 0x85, 0xbd, 
0x12, 0xab, 0xd0, 0x3c, 0x39, 0xd6, 0xc3, 0xbb, 0x5a, 0x5a, 0xe0, 0x3d, 
0xbf, 0x04, 0xcb, 0xbd, 0xa2, 0x6c, 0x0f, 0xbe, 0x83, 0x85, 0xe3, 0xbd, 
0xa8, 0xde, 0xab, 0x3c, 0x27, 0xbf, 0xd5, 0x3d, 0x53, 0x00, 0xae, 0x3d, 
0x00, 0x35, 0x87, 0xba, 0xcd, 0x27, 0x55, 0xbd, 0x66, 0xfe, 0x00, 0x3d, 
0x2c, 0x47, 0x3e, 0x3d, 0x70, 0x28, 0xfc, 0xbd, 0x1a, 0x6f, 0xbe, 0xbd, 
0xfb, 0xc5, 0x8b, 0x3d, 0x7e, 0x08, 0x13, 0x3d, 0x5f, 0xf9, 0x32, 0xbd, 
0xe1, 0x18, 0x13, 0x3e, 0x98, 0x92, 0x13, 0x3d, 0x16, 0x15, 0x82, 0xbb, 
0xd6, 0x11, 0xde, 0xbd, 0x7c, 0x0b, 0x79, 0x3d, 0x1e, 0xd9, 0x0f, 0xbe, 
0xaf, 0x99, 0x3a, 0xbc, 0x58, 0xd0, 0xb1, 0xbc, 0xea, 0xed, 0xfb, 0xbc, 
0xf7, 0x22, 0x14, 0xbd, 0x70, 0x12, 0x1e, 0xbe, 0x17, 0xaf, 0x2c, 0xbe, 
0xaf, 0xdf, 0x07, 0x3e, 0xe5, 0x5e, 0x46, 0xbd, 0x85, 0xad, 0xe7, 0x3b, 
0xe6, 0x39, 0x0f, 0x3e, 0x02, 0x09, 0x8d, 0x3d, 0x34, 0x87, 0x23, 0xbd, 
0x5f, 0x66, 0x21, 0x3e, 0x7f, 0xd1, 0xd7, 0x3c, 0xa3, 0x03, 0x28, 0x3e, 
0xe3, 0xda, 0xc3, 0x3d, 0xd9, 0x70, 0x2d, 0x3d, 0x94, 0x2c, 0x41, 0x3d, 
0x16, 0x68, 0x16, 0xbe, 0xfb, 0xfa, 0x67, 0xbd, 0x3a, 0xf9, 0xcb, 0xbd, 
0xcb, 0x12, 0x00, 0x3e, 0x59, 0xcf, 0xf6, 0xbd, 0xf0, 0x17, 0x30, 0xbe, 
0x6b, 0x33, 0xe5, 0x3d, 0x79, 0xfe, 0x35, 0xbe, 0x4e, 0x00, 0x2b, 0xbe, 
0xa2, 0x95, 0x88, 0x3d, 0x1e, 0x7a, 0xb4, 0xbd, 0x28, 0xa6, 0x0e, 0x3e, 
0x93, 0xae, 0xf7, 0xbd, 0x42, 0x87, 0xd3, 0x3d, 0x2f, 0xc1, 0xcc, 0xbd, 
0xce, 0x18, 0xc3, 0x3d, 0xbd, 0x4e, 0xee, 0xbc, 0xf7, 0xc5, 0xaa, 0xbd, 
0x78, 0x4e, 0xaf, 0xbc, 0x51, 0x1a, 0x1a, 0xbe, 0x1c, 0x74, 0x84, 0xbd, 
0x6c, 0x62, 0xe7, 0x3c, 0xe5, 0xbb, 0x2e, 0xbd, 0x4d, 0x23, 0x29, 0xbd, 
0x12, 0xf4, 0x04, 0xbe, 0x33, 0x65, 0x1d, 0x3e, 0x8e, 0xe6, 0x40, 0xbb, 
0x3e, 0xe1, 0xb1, 0x3d, 0xaa, 0x0c, 0x1b, 0x3e, 0xa6, 0x8d, 0x09, 0x3e, 
0xd5, 0xcc, 0x01, 0xbe, 0x8b, 0xc0, 0x22, 0xbe, 0xf5, 0xb8, 0x16, 0xbe, 
0x1a, 0x5f, 0x0c, 0xbe, 0xc8, 0xf4, 0x80, 0x3c, 0x0d, 0x6c, 0x05, 0xbe, 
0x40, 0xb9, 0x2e, 0xbc, 0x6a, 0xa0, 0x66, 0xbd, 0x44, 0x26, 0x18, 0x3e, 
0x6a, 0x25, 0x9d, 0xbd, 0x9b, 0xfe, 0x97, 0xbd, 0x90, 0xe1, 0x4f, 0xbc, 
0x15, 0x6a, 0xb8, 0x3d, 0x26, 0x68, 0x41, 0xbd, 0x9c, 0x3f, 0xae, 0xbd, 
0xce, 0x33, 0x45, 0xbc, 0xe7, 0x0b, 0x11, 0x3e, 0x93, 0x8d, 0x20, 0x3e, 
0xd4, 0x0e, 0xbf, 0xbd, 0xf1, 0xe2, 0xeb, 0x3d, 0x72, 0xc8, 0xd6, 0x3d, 
0x0c, 0x1e, 0x0e, 0xbe, 0x8f, 0x45, 0x27, 0x3e, 0xf1, 0xdd, 0x26, 0x3e, 
0x7e, 0x2d, 0x32, 0x3d, 0xe1, 0x49, 0x31, 0xbe, 0x84, 0x3c, 0x60, 0xbd, 
0x09, 0x59, 0x2f, 0x3e, 0x89, 0x14, 0xc6, 0x3d, 0xa7, 0xb2, 0x31, 0xbc, 
0x66, 0x72, 0x8e, 0xbc, 0x49, 0x78, 0x39, 0xbe, 0x3f, 0xc4, 0x12, 0x3e, 
0xe8, 0x34, 0xc7, 0x3c, 0xc3, 0x10, 0x1a, 0x3e, 0x41, 0x0d, 0xc0, 0x3d, 
0x89, 0x67, 0xbb, 0xbd, 0xa0, 0x2a, 0x24, 0xbe, 0x76, 0x63, 0xcf, 0x3d, 
0x5b, 0x2d, 0x33, 0x3d, 0x40, 0x06, 0x00, 0xbd, 0x3b, 0xd5, 0x1a, 0x3e, 
0x88, 0x8b, 0x9c, 0xbc, 0xa0, 0xbd, 0x09, 0x3c, 0x86, 0x49, 0xc3, 0xbd, 
0x30, 0xe2, 0x14, 0xbe, 0x80, 0xea, 0xb8, 0xbc, 0x3a, 0xb0, 0x5b, 0x3c, 
0xb5, 0xb3, 0x15, 0x3e, 0x76, 0x0d, 0xc9, 0x3d, 0x82, 0xbd, 0xfa, 0xbd, 
0x54, 0x16, 0xac, 0xbc, 0x67, 0xf2, 0x27, 0x3e, 0xd0, 0xae, 0x2c, 0x3d, 
0x0e, 0x2b, 0xb3, 0xbd, 0xa9, 0x20, 0x19, 0xbe, 0x85, 0x34, 0x20, 0x3d, 
0x2c, 0x11, 0x6e, 0x3d, 0x51, 0xb0, 0x34, 0x3e, 0x01, 0x42, 0x03, 0x3e, 
0x32, 0x06, 0x13, 0x3e, 0x51, 0xcf, 0x31, 0x3e, 0xb6, 0x97, 0x91, 0x3d, 
0x05, 0x9d, 0x08, 0x3d, 0x3f, 0x48, 0x22, 0xbe, 0xe0, 0x10, 0xe3, 0xbc, 
0xc7, 0x95, 0xa2, 0x3d, 0x7d, 0x2a, 0xd2, 0xbc, 0x48, 0xd8, 0x74, 0x3d, 
0x26, 0xd2, 0x67, 0xbd, 0xe4, 0xf8, 0x4c, 0xbd, 0xda, 0xa1, 0x0d, 0xbe, 
0x1a, 0x1b, 0x72, 0x3c, 0xb4, 0x8e, 0xab, 0x3c, 0x60, 0x3d, 0x87, 0x3c, 
0xa8, 0x2c, 0xfb, 0x3c, 0x03, 0xc1, 0xea, 0xbc, 0x9e, 0xfd, 0xf6, 0x3d, 
0xee, 0xa8, 0x2b, 0xbe, 0x1c, 0x06, 0x1b, 0x3e, 0x73, 0x79, 0xf1, 0x3d, 
0xc0, 0xd9, 0xb7, 0xbb, 0xab, 0xec, 0xa2, 0x3d, 0xf3, 0x3d, 0x39, 0xbe, 
0xdf, 0x00, 0xaf, 0xbd, 0x7d, 0xd1, 0x12, 0x3e, 0xc8, 0x61, 0x66, 0x3d, 
0x25, 0x8b, 0xbd, 0xbb, 0xc1, 0x19, 0x80, 0x3b, 0x9b, 0x10, 0xac, 0x3d, 
0x40, 0xa6, 0xf3, 0x3b, 0x66, 0x2b, 0x07, 0xbe, 0xa9, 0x07, 0x11, 0xbd, 
0x01, 0x99, 0xc5, 0xbd, 0xbc, 0x15, 0x44, 0x3d, 0x98, 0xf6, 0xe0, 0x3c, 
0x0f, 0xdf, 0x1b, 0xbe, 0xbe, 0x30, 0x83, 0x3d, 0x45, 0xeb, 0xd7, 0x3c, 
0x5f, 0xf3, 0x95, 0x3d, 0xd0, 0x64, 0xf1, 0xbc, 0xd0, 0xbe, 0x5f, 0xbc, 
0xd7, 0x9b, 0x04, 0x3e, 0x25, 0xbb, 0x0c, 0x3e, 0x60, 0x6d, 0x0c, 0xbe, 
0x2d, 0x4a, 0x5d, 0xbd, 0xa4, 0xba, 0xaf, 0xbd, 0x88, 0x55, 0x60, 0xbd, 
0xc7, 0xa6, 0x14, 0xbe, 0x73, 0x2a, 0x22, 0x3e, 0x00, 0x28, 0xf3, 0xbd, 
0xf4, 0x2f, 0x19, 0xbe, 0x96, 0x18, 0x34, 0xbe, 0x20, 0xf0, 0x3a, 0xbc, 
0x43, 0x06, 0x44, 0x3d, 0x1b, 0x20, 0x1e, 0x3e, 0x10, 0xaf, 0xcd, 0x3c, 
0xd8, 0x2f, 0xe7, 0xbd, 0xe8, 0xe0, 0xb0, 0xbd, 0xec, 0x06, 0x8c, 0xbd, 
0xde, 0xfb, 0xb4, 0xbd, 0xb0, 0x6c, 0x2c, 0x3d, 0x90, 0x0e, 0xdc, 0x3c, 
0xa6, 0x14, 0xf2, 0xbd, 0x2d, 0x83, 0x64, 0xbd, 0x95, 0x77, 0x2a, 0xbd, 
0x3f, 0x8a, 0x20, 0x3e, 0xc6, 0x6a, 0x6b, 0x3c, 0x76, 0x49, 0xd5, 0xbd, 
0x07, 0x01, 0xdd, 0xbd, 0x79, 0x88, 0x81, 0x3c, 0x58, 0xfb, 0x50, 0xbd, 
0xf3, 0xbc, 0x05, 0x3e, 0xd2, 0xf0, 0xf7, 0xbd, 0xe0, 0xa1, 0x72, 0xbc, 
0x0a, 0xb1, 0xd4, 0x3d, 0x26, 0xac, 0xe9, 0x3d, 0x1b, 0x75, 0x95, 0xbd, 
0xc0, 0x06, 0x10, 0xbb, 0xc4, 0xf5, 0xc1, 0xbd, 0x40, 0x41, 0x47, 0xbc, 
0x64, 0xe9, 0x0b, 0x3d, 0x38, 0xe1, 0x3b, 0xbd, 0xa1, 0x8a, 0x2c, 0x3e, 
0x48, 0x8a, 0xd3, 0xbd, 0x50, 0x7f, 0x0d, 0xbd, 0x00, 0x4b, 0x12, 0x3a, 
0x00, 0xda, 0xf9, 0x3b, 0x2a, 0xe2, 0x70, 0xbd, 0xfe, 0xd1, 0xe6, 0x3d, 
0x59, 0x03, 0x02, 0x3e, 0xd0, 0x62, 0xbf, 0xbc, 0x23, 0x8a, 0x24, 0x3e, 
0x48, 0x73, 0x12, 0xbd, 0xa4, 0x06, 0x8d, 0xbd, 0x20, 0x06, 0xc4, 0xbc, 
0x74, 0xb2, 0x79, 0x3d, 0x2f, 0x20, 0x1e, 0xbe, 0xe0, 0x4e, 0x59, 0x3d, 
0xd3, 0x38, 0x8d, 0xbd, 0xd7, 0x42, 0x0a, 0x3e, 0xa0, 0xc9, 0xce, 0xbc, 
0x63, 0x97, 0x11, 0xbe, 0xc4, 0x81, 0x6d, 0x3d, 0x28, 0x06, 0xd6, 0xbc, 
0xeb, 0x5c, 0x2f, 0x3e, 0x29, 0xff, 0x02, 0x3e, 0x9b, 0xf6, 0x28, 0xbe, 
0x7d, 0x60, 0x17, 0xbe, 0x96, 0x4e, 0x65, 0xbd, 0xa2, 0xa8, 0x89, 0xbd, 
0x60, 0x6a, 0x85, 0xbb, 0x68, 0x91, 0x19, 0x3d, 0x72, 0x02, 0xb1, 0x3d, 
0x6d, 0xdd, 0x33, 0x3e, 0x1e, 0x8c, 0xeb, 0x3d, 0x13, 0x40, 0x30, 0xbe, 
0xdc, 0xc2, 0x0e, 0xbe, 0x9a, 0x1e, 0x14, 0xbe, 0x62, 0x7a, 0xff, 0x3d, 
0x48, 0xb5, 0x8b, 0x3d, 0xcd, 0xa1, 0xe2, 0xbd, 0xae, 0x2e, 0xfb, 0x3d, 
0xe7, 0x7b, 0xc9, 0xbd, 0x7a, 0x5e, 0xb3, 0x3d, 0x69, 0x87, 0xad, 0xbd, 
0x98, 0x39, 0x1e, 0xbd, 0x15, 0x1e, 0xd5, 0xbd, 0x79, 0x2f, 0x31, 0x3e, 
0x67, 0x8f, 0x04, 0xbe, 0xd3, 0x20, 0x2f, 0x3e, 0x15, 0x5c, 0x1b, 0xbe, 
0x70, 0xa5, 0x22, 0xbc, 0x5e, 0xd9, 0x14, 0xbe, 0x1a, 0x9b, 0x30, 0xbe, 
0xc8, 0x5a, 0x11, 0xbd, 0x41, 0xf4, 0x95, 0xbd, 0x4a, 0x18, 0x9f, 0xbd, 
0xba, 0x43, 0x13, 0xbe, 0x8d, 0x53, 0x13, 0xbe, 0xb0, 0x76, 0x93, 0x3d, 
0xc8, 0xb2, 0x10, 0xbe, 0xb6, 0xe8, 0xda, 0x3d, 0xb3, 0x57, 0x18, 0x3e, 
0xa0, 0x33, 0x30, 0x3d, 0x70, 0x3b, 0xb0, 0xbc, 0xcb, 0xb3, 0x0f, 0x3e, 
0x32, 0x0a, 0xff, 0xbd, 0xa2, 0xc9, 0xc3, 0x3d, 0xe6, 0x2c, 0xda, 0x3d, 
0x18, 0xa1, 0x50, 0xbd, 0xc6, 0xfb, 0xb2, 0x3d, 0x43, 0x8c, 0xdd, 0xbd, 
0xf6, 0x57, 0xe4, 0x3d, 0xc0, 0x87, 0xce, 0x3b, 0x66, 0xfd, 0x95, 0xbd, 
0x90, 0xb6, 0x10, 0xbe, 0xa7, 0xe9, 0x0b, 0xbe, 0x62, 0x3c, 0x02, 0xbe, 
0xec, 0xb2, 0x0f, 0x3d, 0xba, 0xf5, 0xd5, 0xbd, 0x00, 0xd2, 0x18, 0xbb, 
0x11, 0x94, 0x01, 0x3e, 0x9e, 0x7b, 0xc0, 0xbd, 0x08, 0xfa, 0x12, 0x3d, 
0x76, 0x4c, 0x1f, 0xbe, 0xf3, 0x47, 0x0d, 0x3e, 0xfa, 0x6b, 0xee, 0x3d, 
0x20, 0x35, 0xb1, 0x3b, 0x8a, 0x1e, 0xfd, 0x3d, 0xe8, 0x2a, 0xb2, 0xbd, 
0x44, 0x04, 0x34, 0x3d, 0xf6, 0xe1, 0xbb, 0x3d, 0x26, 0xed, 0xd3, 0x3d, 
0x06, 0xa1, 0x96, 0x3d, 0x0f, 0x78, 0x86, 0xbd, 0x8c, 0x6c, 0x2b, 0xbd, 
0xee, 0xbd, 0xb3, 0x3d, 0x7b, 0xc2, 0x21, 0x3e, 0x00, 0x29, 0x45, 0xba, 
0xb0, 0xee, 0xca, 0x3c, 0xbe, 0xef, 0xe2, 0x3d, 0x48, 0x12, 0xcf, 0xbc, 
0x66, 0x32, 0x29, 0xbe, 0x14, 0xdd, 0x94, 0xbd, 0x81, 0xc8, 0x05, 0x3e, 
0xad, 0x6c, 0x02, 0x3e, 0xd0, 0xc3, 0xcc, 0xbd, 0xc2, 0x3b, 0xaf, 0x3d, 
0xe8, 0x7c, 0x29, 0x3d, 0xff, 0x69, 0xe8, 0xbd, 0xf0, 0x29, 0x47, 0xbd, 
0x06, 0x61, 0x08, 0xbe, 0xb4, 0xb8, 0x33, 0xbd, 0x79, 0x2a, 0x2e, 0xbe, 
0x88, 0xfd, 0xe7, 0xbc, 0xb6, 0x78, 0xae, 0x3d, 0x80, 0xc1, 0x06, 0xbb, 
0xb5, 0x20, 0xb4, 0xbd, 0x98, 0x9e, 0xd8, 0x3c, 0x60, 0xe2, 0x12, 0xbc, 
0x88, 0x65, 0x31, 0xbd, 0x9f, 0x76, 0x14, 0x3e, 0xf6, 0x49, 0x93, 0xbd, 
0xb5, 0x01, 0x10, 0x3e, 0x86, 0x25, 0xeb, 0x3d, 0x93, 0xbf, 0x2a, 0x3e, 
0xfa, 0xbe, 0xe6, 0x3d, 0x7d, 0xe3, 0x33, 0x3e, 0x50, 0xe1, 0x19, 0xbd, 
0xc0, 0x23, 0x0f, 0x3b, 0xd8, 0x1a, 0x21, 0xbd, 0x27, 0xb3, 0xbb, 0xbd, 
0x6e, 0xbc, 0xb8, 0x3d, 0x00, 0x63, 0xf5, 0xbb, 0xcd, 0xb9, 0x0d, 0x3e, 
0xe0, 0xa8, 0xf1, 0xbc, 0xf0, 0x6d, 0x22, 0x3d, 0x4d, 0x53, 0xd3, 0xbd, 
0x4b, 0xac, 0x24, 0x3e, 0x61, 0x5f, 0xaf, 0xbd, 0xa2, 0x5f, 0xf8, 0x3d, 
0xaa, 0x4f, 0xc9, 0x3d, 0x9b, 0x29, 0x33, 0x3e, 0xcd, 0xc7, 0x22, 0xbe, 
0x40, 0x11, 0x4c, 0xbc, 0xaf, 0xd8, 0x8f, 0xbd, 0x12, 0xd5, 0x26, 0xbe, 
0x10, 0x50, 0xd9, 0x3c, 0xe0, 0x11, 0x2b, 0xbe, 0x5f, 0x9f, 0x33, 0x3e, 
0xb4, 0x5f, 0x7d, 0xbd, 0x16, 0xc6, 0x09, 0xbe, 0x00, 0x1d, 0x9e, 0xbc, 
0xc6, 0x1c, 0x15, 0xbe, 0x68, 0xba, 0xff, 0x3c, 0xbc, 0x14, 0x13, 0x3d, 
0xc6, 0x6b, 0xdb, 0x3d, 0xa0, 0x61, 0x15, 0xbe, 0xe2, 0xbe, 0xc9, 0x3d, 
0xc6, 0x01, 0x92, 0xbd, 0x43, 0x48, 0x30, 0x3e, 0x30, 0x56, 0x4d, 0xbd, 
0xb0, 0xe7, 0x21, 0x3d, 0x78, 0x8d, 0x0e, 0xbe, 0x37, 0x44, 0x22, 0x3e, 
0x35, 0x44, 0x2c, 0xbe, 0x3a, 0xcb, 0xb8, 0x3d, 0xe8, 0xb2, 0x06, 0xbd, 
0xaf, 0x4f, 0xfc, 0xbd, 0x3d, 0xb6, 0xc5, 0xbd, 0x7e, 0x17, 0x93, 0xbd, 
0x5d, 0x8e, 0x80, 0xbd, 0xe8, 0x3c, 0x91, 0x3c, 0x7d, 0x09, 0x16, 0x3e, 
0x39, 0xa6, 0x33, 0x3e, 0xbe, 0x05, 0x2d, 0xbe, 0x90, 0xb1, 0x27, 0xbd, 
0xe5, 0xeb, 0x31, 0x3e, 0xed, 0x56, 0x16, 0x3e, 0x60, 0x16, 0x65, 0xbd, 
0xc3, 0x72, 0x2a, 0xbe, 0x42, 0x64, 0xc5, 0xbd, 0x5a, 0x99, 0x6c, 0xbd, 
0x88, 0x73, 0x45, 0xbd, 0xf6, 0x0e, 0xa8, 0xbd, 0xef, 0x25, 0x1b, 0x3e, 
0xa9, 0xab, 0x2c, 0x3e, 0xb8, 0xa0, 0xb4, 0xbc, 0xea, 0x1a, 0xfd, 0x3d, 
0x48, 0xd0, 0xa3, 0x3c, 0x29, 0x05, 0x05, 0x3e, 0xfb, 0xa3, 0x0e, 0x3e, 
0xf0, 0xf8, 0xad, 0xbc, 0x3d, 0x4b, 0x31, 0xbe, 0x73, 0xf4, 0xb3, 0xbd, 
0xd0, 0x32, 0x81, 0x3d, 0x00, 0xd2, 0xbc, 0x39, 0xd5, 0x65, 0xc0, 0xbd, 
0xf6, 0x9e, 0xb9, 0x3d, 0xa0, 0xdd, 0x4f, 0xbd, 0xc0, 0x96, 0x70, 0x3c, 
0x90, 0x19, 0x90, 0xbd, 0xa7, 0x85, 0x33, 0xbe, 0xf5, 0xab, 0x83, 0xbd, 
0xff, 0xb5, 0x30, 0xbe, 0x4c, 0xc5, 0x8d, 0x3d, 0xfe, 0x9e, 0xc5, 0x3d, 
0x89, 0x99, 0xe2, 0xbd, 0x8a, 0x06, 0xf3, 0x3d, 0x14, 0x49, 0x34, 0xbe, 
0xd6, 0xa2, 0x15, 0xbe, 0xa0, 0x90, 0x9a, 0xbb, 0xf3, 0x6b, 0x01, 0x3e, 
0x6b, 0xb4, 0x23, 0x3e, 0x10, 0x43, 0xd9, 0x3c, 0x79, 0xf6, 0x33, 0x3e, 
0x1a, 0x8c, 0x27, 0xbe, 0x0a, 0xb0, 0xc0, 0x3d, 0xd6, 0x4a, 0xa6, 0x3d, 
0x24, 0xbf, 0x22, 0xbe, 0xf3, 0xa4, 0x32, 0xbe, 0xaa, 0x68, 0xa6, 0xbd, 
0xa2, 0x6e, 0xb6, 0x3d, 0x50, 0x5a, 0x28, 0x3c, 0xc3, 0x9f, 0x29, 0x3e, 
0x64, 0xbf, 0x34, 0xbd, 0xe0, 0x18, 0x88, 0x3b, 0xca, 0x72, 0xa4, 0x3d, 
0xc8, 0xc8, 0xe0, 0xbc, 0x03, 0x43, 0xfa, 0xbd, 0x2e, 0x67, 0xc4, 0xbd, 
0x2d, 0x2c, 0x17, 0xbe, 0xb0, 0xe0, 0xa5, 0xbc, 0x48, 0xba, 0xf3, 0xbd, 
0x10, 0xb9, 0xa9, 0xbc, 0xc0, 0xbe, 0x42, 0x3c, 0x52, 0x1f, 0xd8, 0x3d, 
0x7d, 0xdd, 0x81, 0xbd, 0xe0, 0x07, 0xfc, 0x3c, 0x40, 0x30, 0x2f, 0xbb, 
0xf7, 0x3d, 0x9f, 0xbd, 0xd9, 0xc9, 0x00, 0xbe, 0x1a, 0x8e, 0xe0, 0x3d, 
0x74, 0xaa, 0x1d, 0xbd, 0x20, 0xce, 0xb0, 0xbd, 0x40, 0x09, 0x25, 0x3c, 
0x98, 0xa5, 0x4f, 0x3d, 0x67, 0x63, 0xcc, 0xbd, 0xc4, 0x20, 0x14, 0xbd, 
0x21, 0xd8, 0x1a, 0x3e, 0xbd, 0xd0, 0x20, 0x3e, 0x70, 0x46, 0x4f, 0xbd, 
0xe9, 0xe4, 0x07, 0x3e, 0xe8, 0xca, 0x84, 0x3d, 0x26, 0x59, 0xd5, 0xbd, 
0xc6, 0x89, 0x98, 0x3d, 0x98, 0xf5, 0x90, 0xbc, 0x1c, 0x66, 0x73, 0x3d, 
0x49, 0x5b, 0x13, 0xbe, 0x06, 0x54, 0xcd, 0x3d, 0xbc, 0xec, 0x00, 0x3d, 
0x06, 0xce, 0xd9, 0x3d, 0xba, 0x78, 0xac, 0x3d, 0xd7, 0xcb, 0x12, 0x3e, 
0x00, 0x78, 0xa0, 0x3c, 0x10, 0xf5, 0xf0, 0x3c, 0x88, 0xf1, 0x90, 0x3c, 
0x2f, 0xf7, 0x2e, 0x3e, 0xd7, 0x9a, 0xf7, 0xbd, 0x21, 0x6b, 0x0e, 0x3e, 
0x0a, 0x5d, 0xb7, 0x3d, 0xac, 0xaa, 0x04, 0xbe, 0xf7, 0xa3, 0x14, 0x3e, 
0x4c, 0x96, 0x5c, 0xbd, 0x4e, 0x16, 0xe5, 0x3d, 0x75, 0x49, 0xe2, 0xbd, 
0xdc, 0xb4, 0x08, 0xbe, 0xd0, 0x3f, 0x21, 0xbc, 0x08, 0xb8, 0xa5, 0x3c, 
0x90, 0x00, 0x0e, 0xbc, 0xfa, 0x22, 0x9f, 0x3d, 0x98, 0xfe, 0x08, 0xbe, 
0x70, 0x84, 0xff, 0xbd, 0x28, 0xb0, 0x01, 0xbe, 0x28, 0x1b, 0x19, 0x3d, 
0x2a, 0x3b, 0xfa, 0x3d, 0xd0, 0x6d, 0x61, 0x3c, 0x1d, 0x52, 0x13, 0xbe, 
0x48, 0xba, 0xe7, 0x3c, 0x75, 0x02, 0x2c, 0x3e, 0x31, 0xf3, 0x2c, 0x3e, 
0x79, 0x1b, 0x03, 0x3e, 0xf0, 0xc4, 0x09, 0x3d, 0xff, 0xe8, 0x14, 0x3e, 
0xa8, 0xee, 0xc4, 0xbd, 0xbf, 0x6e, 0x2d, 0xbe, 0x00, 0xbb, 0x33, 0x3d, 
0x9e, 0xa7, 0xaf, 0xbd, 0xc1, 0xe7, 0xb9, 0xbd, 0x8a, 0x20, 0xa6, 0xbd, 
0x90, 0x18, 0x70, 0x3c, 0x50, 0x26, 0xec, 0xbd, 0x66, 0xf1, 0x24, 0xbe, 
0x40, 0xd3, 0x22, 0xbc, 0x6e, 0xcc, 0xc9, 0x3d, 0x88, 0x1b, 0x93, 0xbc, 
0x80, 0xfd, 0x5b, 0x3b, 0x2b, 0x4c, 0x1c, 0xbe, 0xfe, 0x2d, 0xf2, 0xbd, 
0x9a, 0xe2, 0xf5, 0xbd, 0xc0, 0x22, 0xa3, 0xbb, 0x7b, 0x18, 0xad, 0xbd, 
0x46, 0x85, 0xab, 0xbd, 0xcc, 0xb4, 0x83, 0xbd, 0x40, 0x56, 0x03, 0xbc, 
0xf0, 0x98, 0xc8, 0xbc, 0xae, 0xc4, 0xbb, 0x3d, 0xdb, 0xae, 0x0a, 0x3e, 
0xe2, 0x77, 0xb4, 0x3d, 0x9b, 0x70, 0x15, 0x3e, 0xb4, 0x2e, 0x1a, 0x3d, 
0x22, 0x86, 0xab, 0x3d, 0xe0, 0x61, 0xeb, 0x3b, 0x58, 0x23, 0xe6, 0xbc, 
0x42, 0x4e, 0x76, 0xbd, 0x70, 0xf8, 0x49, 0xbd, 0x8e, 0x13, 0xa0, 0x3d, 
0x34, 0x7d, 0x67, 0xbd, 0xb6, 0x73, 0x5d, 0xbd, 0xe0, 0x4b, 0xe0, 0x3b, 
0xec, 0xa4, 0x12, 0x3d, 0x50, 0x8e, 0xdb, 0xbc, 0x19, 0x2c, 0x24, 0x3e, 
0x27, 0x81, 0x29, 0xbe, 0xc0, 0xe6, 0x02, 0xbe, 0xe8, 0xa0, 0x1d, 0x3d, 
0x00, 0x48, 0x33, 0xbd, 0xf4, 0xd3, 0xad, 0xbd, 0x94, 0x87, 0x0f, 0xbe, 
0x9f, 0x9a, 0xab, 0xbd, 0x58, 0xe3, 0xdf, 0xbc, 0x6b, 0xe3, 0xa9, 0xbd, 
0xfe, 0xf5, 0xff, 0xff, 0x04, 0x00, 0x00, 0x00, 0xc0, 0x00, 0x00, 0x00, 
0x68, 0x9f, 0x02, 0x3f, 0x6b, 0x4a, 0x86, 0xbe, 0x2b, 0x85, 0xce, 0x3e, 
0xe7, 0xe4, 0x6e, 0xbe, 0x56, 0x4c, 0xa4, 0xbd, 0xbc, 0x1c, 0xa6, 0xbe, 
0xa5, 0xf1, 0x4e, 0x3e, 0x24, 0x9d, 0x27, 0xbe, 0x7d, 0x01, 0x53, 0x3e, 
0x3e, 0xaa, 0x70, 0x3e, 0x9d, 0xc6, 0x74, 0xbe, 0x7c, 0xcb, 0x12, 0x3e, 
0x26, 0x87, 0xb7, 0x3e, 0xb3, 0x48, 0xa8, 0xbd, 0x3e, 0xea, 0xc5, 0x3e, 
0xea, 0x36, 0x10, 0xbe, 0x82, 0x99, 0x06, 0xbf, 0x6b, 0xfc, 0x02, 0xbf, 
0xd8, 0x25, 0xcc, 0xbd, 0x56, 0x97, 0x49, 0xbe, 0xd0, 0xf0, 0x4e, 0x3e, 
0xdd, 0xba, 0x98, 0x3e, 0x22, 0x84, 0x6f, 0x3e, 0x80, 0x37, 0x5c, 0x3e, 
0x1c, 0x12, 0xb4, 0x3e, 0x01, 0xc4, 0xa9, 0xbd, 0x43, 0x51, 0x4a, 0xbe, 
0xe2, 0xe3, 0xd2, 0xbe, 0x2b, 0xcc, 0x07, 0x3f, 0xcd, 0x3f, 0x48, 0x3e, 
0xb8, 0x2c, 0xf5, 0x3d, 0x86, 0x68, 0xe9, 0x3e, 0x2b, 0x05, 0xde, 0x3d, 
0x40, 0x52, 0x56, 0xbd, 0xc9, 0x6f, 0x7a, 0xbe, 0x3b, 0x19, 0xca, 0xbd, 
0xc7, 0x41, 0xc6, 0xbe, 0xa2, 0xbf, 0x05, 0xbe, 0x3d, 0x98, 0x5f, 0x3d, 
0x70, 0x04, 0x6f, 0xbe, 0x7d, 0xeb, 0x75, 0xbe, 0x29, 0x55, 0xd1, 0x3e, 
0xd3, 0xf3, 0x6a, 0xbe, 0xd1, 0xe4, 0xfc, 0xbe, 0xc9, 0xfe, 0x61, 0xba, 
0xb5, 0x37, 0x72, 0xbe, 0x12, 0x28, 0xde, 0xbe, 0xc8, 0x8b, 0xd7, 0x3d, 
0xca, 0xf6, 0xff, 0xff, 0x04, 0x00, 0x00, 0x00, 0x60, 0x00, 0x00, 0x00, 
0x85, 0xa6, 0x07, 0xbe, 0x1d, 0x79, 0xda, 0x3e, 0x9f, 0xe3, 0xc7, 0x3e, 
0xef, 0x12, 0x80, 0x3d, 0x78, 0x9c, 0xa4, 0xbe, 0xff, 0x7a, 0x5a, 0xbe, 
0xbc, 0x96, 0x90, 0xbd, 0x97, 0x61, 0xb2, 0xbe, 0x80, 0x43, 0x98, 0xbc, 
0x89, 0x89, 0xf7, 0xbe, 0x92, 0xb7, 0xc5, 0xbe, 0x36, 0x7f, 0xbe, 0x3e, 
0x36, 0x3e, 0xe3, 0xbe, 0x25, 0x4a, 0xc2, 0x3e, 0xda, 0x82, 0xce, 0xbc, 
0x32, 0xdc, 0x5c, 0x3e, 0xe3, 0xe1, 0xbc, 0x3d, 0xd1, 0x5a, 0xf6, 0xbe, 
0x08, 0xa8, 0xd6, 0x3e, 0x66, 0xa0, 0x99, 0x3d, 0x35, 0x01, 0xb0, 0xbe, 
0x9b, 0xc8, 0x0b, 0x3e, 0x25, 0x0b, 0xc9, 0x3e, 0x99, 0x2f, 0x77, 0x3e, 
0x36, 0xf7, 0xff, 0xff, 0x04, 0x00, 0x00, 0x00, 0x00, 0x06, 0x00, 0x00, 
0xe8, 0xb1, 0x7e, 0xbe, 0x02, 0xf8, 0x73, 0xbe, 0x00, 0x15, 0x18, 0xbe, 
0xb0, 0xa7, 0x08, 0x3d, 0x16, 0x24, 0x86, 0xbe, 0x30, 0xff, 0xdf, 0xbd, 
0x03, 0x49, 0x06, 0xbc, 0x21, 0x00, 0x83, 0x3e, 0x90, 0x18, 0xab, 0xbc, 
0xb7, 0xfe, 0x29, 0xbe, 0x18, 0x9b, 0x8b, 0x3e, 0xfa, 0x63, 0x90, 0xbe, 
0xc9, 0xf9, 0x43, 0xbd, 0xe1, 0x1b, 0xd1, 0xbd, 0xc9, 0xf5, 0x98, 0x3c, 
0x9d, 0xae, 0xaf, 0xbb, 0xbe, 0x80, 0xca, 0x3d, 0x12, 0x0b, 0x0d, 0x3e, 
0x28, 0xd9, 0xe7, 0xbd, 0xdc, 0x87, 0x4f, 0xbe, 0xda, 0x2d, 0x88, 0x3e, 
0x6a, 0xec, 0x9d, 0xbd, 0x94, 0x2e, 0x6b, 0x3e, 0x29, 0x46, 0x51, 0x3c, 
0x9e, 0xa1, 0x92, 0xbe, 0x7e, 0x3f, 0x7e, 0xbe, 0xf8, 0x90, 0xea, 0x3d, 
0x3b, 0xab, 0x81, 0xbe, 0x14, 0x13, 0x64, 0xbd, 0xe0, 0x36, 0xe6, 0x3d, 
0xc5, 0x88, 0x0b, 0xbe, 0x22, 0x14, 0x16, 0xbe, 0x95, 0x87, 0x5c, 0xbe, 
0x0c, 0xb5, 0xe9, 0x3d, 0xf0, 0x25, 0x77, 0x3d, 0x0c, 0xab, 0xe9, 0xbd, 
0xd4, 0x83, 0x8f, 0x3e, 0x32, 0x05, 0x89, 0xbe, 0xd6, 0xf3, 0xe2, 0xbd, 
0xec, 0xbe, 0xfa, 0x3d, 0x00, 0xc3, 0xdb, 0x3c, 0xa0, 0xb8, 0x96, 0x3c, 
0x3c, 0xce, 0x7f, 0xbd, 0xa0, 0x36, 0x64, 0x3c, 0xd0, 0xb3, 0x21, 0x3e, 
0x51, 0x1b, 0x1a, 0xbe, 0x33, 0xcf, 0x68, 0xbe, 0x7c, 0x23, 0xe2, 0xbd, 
0x34, 0x62, 0x8e, 0x3e, 0xe0, 0xf2, 0x67, 0x3d, 0x60, 0x32, 0x3c, 0xbc, 
0x6a, 0xaa, 0xd5, 0xbd, 0xe5, 0x33, 0x37, 0xbe, 0x31, 0x05, 0x83, 0xbe, 
0xa8, 0xa4, 0xb3, 0x3d, 0x4d, 0xb7, 0x40, 0xbe, 0xc6, 0x4b, 0x43, 0xbe, 
0xb2, 0x91, 0xd3, 0xbd, 0xe0, 0x9c, 0xd5, 0xbc, 0xfc, 0xe5, 0x80, 0xbe, 
0x96, 0x3d, 0x08, 0xbe, 0x60, 0x73, 0x92, 0xbe, 0x44, 0x54, 0x39, 0xbd, 
0x00, 0xb6, 0x66, 0xbd, 0x10, 0x83, 0x3b, 0x3d, 0x60, 0x4c, 0x8d, 0xbe, 
0x64, 0x41, 0xa8, 0x3d, 0xf0, 0x93, 0x0d, 0xbe, 0x56, 0xf7, 0x81, 0x3e, 
0xec, 0x7b, 0x59, 0x3e, 0xaa, 0xb3, 0x8d, 0xbe, 0x9e, 0x71, 0x6c, 0xbe, 
0x0c, 0x25, 0x3b, 0x3b, 0x08, 0xa7, 0x49, 0x3e, 0xe0, 0xdb, 0x01, 0xbc, 
0x84, 0x3b, 0x45, 0xbe, 0x00, 0x7c, 0x44, 0xbb, 0xbc, 0x28, 0xf8, 0xbd, 
0x60, 0x35, 0x2d, 0xbe, 0xa8, 0xb7, 0x5b, 0xbe, 0xb1, 0xcf, 0x70, 0x3e, 
0xe4, 0xbe, 0x8d, 0x3d, 0x17, 0x79, 0x8c, 0xbe, 0xe6, 0x42, 0x96, 0x3e, 
0x68, 0xe9, 0x85, 0x3d, 0x01, 0x41, 0x8c, 0x3e, 0xe7, 0x30, 0xfb, 0xbd, 
0x3f, 0xe6, 0x24, 0xbe, 0xb4, 0xb3, 0x35, 0xbe, 0x7f, 0x0a, 0x41, 0xbd, 
0xf2, 0x8a, 0x8a, 0x3e, 0x6a, 0x5a, 0x3c, 0x3e, 0xab, 0x46, 0xd8, 0x3c, 
0x22, 0xbe, 0x0a, 0xbe, 0xd0, 0xb8, 0x30, 0x3e, 0x62, 0x8a, 0xca, 0xbc, 
0xb3, 0x89, 0x1b, 0x3e, 0xa4, 0xa7, 0x8b, 0xbe, 0x0c, 0x8c, 0x9c, 0xbd, 
0xf3, 0x68, 0xc4, 0x3d, 0xf0, 0x7e, 0x73, 0xbd, 0x85, 0xe5, 0xeb, 0xbd, 
0x0d, 0x31, 0xeb, 0x3d, 0x46, 0x99, 0x18, 0x3d, 0x2b, 0x54, 0xbf, 0x3d, 
0x95, 0x65, 0x82, 0x3e, 0xae, 0x69, 0x57, 0x3e, 0xf5, 0x50, 0x8f, 0xbd, 
0xb2, 0x4a, 0xd5, 0x3c, 0x5b, 0x42, 0x36, 0x3e, 0x7f, 0xd7, 0x60, 0x3e, 
0xd0, 0xee, 0x6a, 0x3d, 0x31, 0x6d, 0xae, 0xbd, 0xc1, 0xf3, 0x86, 0x3e, 
0x5c, 0xff, 0x82, 0x3e, 0x24, 0x8e, 0x93, 0x3e, 0x18, 0x2d, 0xd0, 0xbd, 
0xd0, 0x32, 0x24, 0xbc, 0x86, 0x4a, 0xbf, 0xbd, 0xc4, 0x40, 0x5a, 0xbe, 
0x14, 0x54, 0xc9, 0x3c, 0xf0, 0xbb, 0x1a, 0x3e, 0x20, 0x85, 0x73, 0xbe, 
0x94, 0x4b, 0xa0, 0x3a, 0xdf, 0x67, 0x17, 0x3e, 0x5f, 0x8e, 0x6f, 0x3e, 
0x02, 0x3f, 0x6f, 0x3e, 0x50, 0x89, 0x8a, 0x3e, 0xf1, 0x58, 0x6a, 0xbd, 
0xdd, 0xbc, 0x4d, 0xbd, 0xc3, 0xa4, 0x18, 0xbe, 0xe5, 0xc5, 0x49, 0x3e, 
0x49, 0xab, 0x5c, 0x3e, 0x64, 0x7e, 0xeb, 0x3c, 0x72, 0xca, 0x4a, 0x3e, 
0x70, 0xf4, 0x51, 0x3d, 0x93, 0x1c, 0x5e, 0xbe, 0xe9, 0x75, 0x89, 0xbe, 
0x12, 0xe4, 0x8c, 0xbe, 0xe0, 0x71, 0x3b, 0xbc, 0xab, 0xdd, 0x8b, 0x3e, 
0xbc, 0x8b, 0x95, 0xbe, 0x8f, 0x92, 0x5b, 0xbe, 0x63, 0x17, 0x90, 0xbb, 
0xb7, 0xe0, 0x0f, 0xbd, 0x62, 0xf1, 0x28, 0xbe, 0x60, 0xea, 0x45, 0xbd, 
0x4f, 0x36, 0x87, 0x3e, 0x8a, 0x4d, 0x82, 0xbe, 0x62, 0xb3, 0xcd, 0xbd, 
0x66, 0xe0, 0x34, 0xbe, 0xb2, 0xdf, 0x7d, 0x3e, 0xb7, 0xde, 0x48, 0xbe, 
0xd4, 0x99, 0x52, 0xbd, 0x80, 0x95, 0x61, 0x3e, 0xee, 0x88, 0x6f, 0x3e, 
0xa4, 0xe0, 0x86, 0x3e, 0x1b, 0x31, 0x12, 0xbe, 0xeb, 0xff, 0x6e, 0xbd, 
0x0e, 0xe6, 0x86, 0x3e, 0xbd, 0x69, 0x07, 0x3d, 0x60, 0xf6, 0x0b, 0xbd, 
0x56, 0x75, 0xa7, 0xbd, 0x5a, 0xa3, 0xa9, 0xbd, 0x2e, 0x0d, 0x2a, 0xbd, 
0xf0, 0xd4, 0xe3, 0x3d, 0x34, 0xea, 0x57, 0xbe, 0x8f, 0x47, 0x0f, 0xbe, 
0x69, 0x4e, 0x45, 0xbe, 0xf0, 0xe1, 0xa1, 0x3c, 0x40, 0x2e, 0x8a, 0xbc, 
0xe0, 0xb6, 0xc8, 0xbc, 0x02, 0xfa, 0x7c, 0xbe, 0x92, 0x29, 0x4e, 0xbe, 
0xf6, 0x9b, 0x4f, 0x3e, 0x56, 0x6b, 0x7c, 0xbe, 0xac, 0xe8, 0xff, 0x3d, 
0xb2, 0xfa, 0x16, 0x3e, 0x5a, 0xd8, 0x55, 0x3e, 0x5a, 0xa3, 0xf0, 0x3d, 
0x3d, 0x48, 0x98, 0xbd, 0x55, 0x88, 0xb1, 0xbd, 0xdf, 0x52, 0x88, 0xbd, 
0x82, 0x6b, 0x8a, 0x3e, 0x07, 0x09, 0x3e, 0xbe, 0x40, 0x52, 0x5e, 0xbe, 
0xf8, 0x26, 0x89, 0xbe, 0x8a, 0xf2, 0x7b, 0xbe, 0xd5, 0xa3, 0x72, 0x3e, 
0x70, 0xf6, 0xd9, 0xbd, 0x84, 0x71, 0xce, 0x3c, 0x89, 0xa3, 0x94, 0xbd, 
0x6e, 0x6d, 0xcf, 0xbd, 0x20, 0xca, 0x94, 0xbc, 0x3e, 0x89, 0xc1, 0xbd, 
0xdc, 0x46, 0x51, 0x3e, 0x44, 0x21, 0xc6, 0xbd, 0x90, 0x4c, 0x66, 0x3d, 
0xf0, 0x6b, 0x6d, 0xbe, 0xe0, 0xb2, 0xf8, 0xbc, 0xd4, 0x96, 0x40, 0xbe, 
0x88, 0xaa, 0x50, 0x3d, 0x70, 0x65, 0xca, 0xbc, 0x5e, 0xab, 0x4c, 0x3e, 
0xa4, 0x30, 0x45, 0x3e, 0x48, 0x99, 0xf2, 0x3d, 0x0b, 0x87, 0x15, 0xbe, 
0x10, 0x77, 0x61, 0x3d, 0x20, 0x1e, 0xb2, 0x3c, 0x9a, 0xe5, 0x30, 0x3e, 
0x26, 0xaa, 0x8f, 0xbe, 0x72, 0xd7, 0x99, 0xbd, 0x94, 0xe5, 0xa4, 0x3d, 
0x19, 0x86, 0x3d, 0xbe, 0x16, 0x21, 0x2c, 0xbe, 0x60, 0x17, 0xb0, 0xbc, 
0x22, 0xb2, 0x29, 0x3e, 0x3a, 0x0b, 0x37, 0xbe, 0xd4, 0xd4, 0x6d, 0x3e, 
0x5a, 0x45, 0x4c, 0xbe, 0x40, 0x83, 0x84, 0x3e, 0x94, 0x03, 0x6e, 0xbd, 
0xc1, 0x17, 0x46, 0xbe, 0x10, 0x5c, 0x17, 0xbd, 0xce, 0x23, 0xb7, 0x3d, 
0x80, 0x72, 0x63, 0xbe, 0xa0, 0xb6, 0x31, 0xbe, 0xb4, 0x65, 0x5a, 0x3e, 
0xf1, 0xbb, 0xff, 0x3d, 0x45, 0x06, 0x26, 0x3d, 0xd5, 0x5d, 0x04, 0xbe, 
0xfc, 0x5f, 0x96, 0xbe, 0x2c, 0x50, 0x7f, 0x3e, 0x18, 0x82, 0x21, 0x3e, 
0x66, 0x14, 0x8f, 0x3e, 0x4e, 0xc0, 0x80, 0xbd, 0x70, 0xed, 0xa3, 0x3d, 
0x3f, 0xc0, 0x00, 0xbe, 0x0f, 0xeb, 0x91, 0xbe, 0x1f, 0xc7, 0x82, 0x3d, 
0xdf, 0xaf, 0x8d, 0xbe, 0x18, 0x45, 0x11, 0xbd, 0x64, 0xb6, 0xae, 0x3d, 
0xbe, 0x9b, 0x37, 0xbe, 0x27, 0x2c, 0x50, 0xbe, 0xaa, 0x3c, 0x89, 0x3e, 
0xd5, 0x3a, 0x29, 0xbe, 0x0e, 0x51, 0x63, 0xbe, 0xc8, 0xae, 0x91, 0x3e, 
0xd4, 0xc0, 0x13, 0x3e, 0x70, 0xfa, 0x89, 0x3c, 0x36, 0x51, 0x52, 0xbe, 
0x12, 0xd0, 0xca, 0x3c, 0xd0, 0x6b, 0x10, 0x3e, 0xee, 0x07, 0x81, 0x3e, 
0x16, 0xa4, 0x33, 0xbe, 0x61, 0xa8, 0x22, 0x3e, 0x30, 0x78, 0x18, 0x3e, 
0x8c, 0xd2, 0x29, 0x3e, 0xaa, 0x6c, 0x9a, 0xbd, 0x81, 0x49, 0x43, 0xbe, 
0xb8, 0x77, 0x61, 0xbd, 0x02, 0x47, 0x88, 0xbd, 0x3f, 0x56, 0x6d, 0x3e, 
0xea, 0xaf, 0xea, 0xbd, 0x68, 0xf4, 0xa2, 0xbd, 0xc0, 0xda, 0x8d, 0xbb, 
0x47, 0x83, 0x1a, 0xbe, 0x17, 0xef, 0x86, 0xbe, 0x6c, 0xb4, 0x48, 0xbd, 
0x12, 0x3b, 0x95, 0xbd, 0xf7, 0x47, 0x3e, 0x3d, 0x9f, 0x86, 0x88, 0x3e, 
0x30, 0xfc, 0xac, 0xbc, 0xae, 0xf9, 0xbd, 0xbd, 0x8c, 0xb7, 0x0b, 0xbd, 
0x74, 0x8c, 0x7d, 0xbe, 0x0f, 0x41, 0x93, 0xbe, 0xd9, 0xc0, 0x90, 0xbe, 
0xc0, 0x2e, 0x23, 0xbd, 0xa8, 0x33, 0x08, 0x3d, 0xc5, 0x22, 0x90, 0x3e, 
0xf0, 0x5e, 0xb9, 0x3d, 0xce, 0x42, 0x2b, 0xbe, 0xea, 0x34, 0x12, 0x3e, 
0xc9, 0xca, 0x48, 0x3d, 0x24, 0x79, 0xd6, 0xbd, 0x22, 0xf3, 0x28, 0xbe, 
0xe3, 0x9b, 0x80, 0x3e, 0x53, 0xf6, 0x5a, 0xbe, 0xc0, 0x9b, 0x79, 0x3d, 
0x97, 0x81, 0x1e, 0x3e, 0x7e, 0xce, 0x21, 0x3d, 0xa2, 0xbf, 0x4f, 0x3e, 
0xa1, 0x80, 0x5a, 0x3e, 0x94, 0xc1, 0x35, 0xbe, 0x2f, 0xe3, 0xf6, 0x3d, 
0x8e, 0x3f, 0xb4, 0x3c, 0x9a, 0xd2, 0x0f, 0x3e, 0xca, 0xd6, 0x10, 0x3e, 
0x87, 0xd2, 0x18, 0xbd, 0xdb, 0x1e, 0xde, 0x3d, 0x58, 0x32, 0x09, 0xbc, 
0xa4, 0x2a, 0x55, 0xbe, 0x75, 0xf9, 0x09, 0xbd, 0xe0, 0x81, 0x03, 0xbc, 
0x24, 0x49, 0xfe, 0x3d, 0xf2, 0x3c, 0xa7, 0x3d, 0x16, 0x25, 0xad, 0x3d, 
0x43, 0x69, 0x8c, 0xbd, 0x00, 0x0f, 0x98, 0x3c, 0x40, 0xb1, 0x89, 0x3e, 
0x98, 0xff, 0x40, 0x3e, 0x32, 0xb2, 0xd0, 0x3d, 0xc3, 0xf5, 0x0d, 0xbe, 
0xe2, 0x40, 0x9e, 0x3d, 0xe8, 0x4b, 0x4f, 0xbd, 0x18, 0x61, 0x70, 0xbe, 
0x44, 0xf1, 0x56, 0x3e, 0x29, 0xcb, 0xf2, 0x3d, 0x0a, 0x3c, 0xb4, 0x3d, 
0x78, 0xb2, 0x80, 0xbe, 0x50, 0x27, 0x14, 0x3e, 0xa0, 0xcb, 0x46, 0x3e, 
0x23, 0x01, 0x81, 0xbe, 0x18, 0x99, 0x97, 0xbe, 0xa5, 0x60, 0x1f, 0x3e, 
0xfa, 0x3c, 0x0a, 0x3d, 0x8d, 0x57, 0x19, 0xbe, 0xa8, 0x63, 0x6a, 0x3d, 
0x5c, 0x2b, 0x83, 0xbe, 0x35, 0x82, 0xb3, 0xbd, 0xa1, 0x34, 0x88, 0x3e, 
0xb3, 0x96, 0x88, 0xbd, 0x6a, 0x28, 0x47, 0xbe, 0xd6, 0x71, 0x88, 0x3e, 
0x14, 0x8b, 0x8e, 0xbe, 0x7a, 0xe6, 0x04, 0x3b, 0x74, 0x71, 0x1e, 0xbd, 
0xb7, 0x85, 0xd5, 0xbd, 0xeb, 0xb3, 0xfe, 0x3d, 0x49, 0x63, 0x02, 0x3e, 
0xe7, 0xf5, 0xd0, 0x3d, 0x89, 0x64, 0x4e, 0x3d, 0x5c, 0x03, 0xd4, 0xbd, 
0xb8, 0x74, 0x33, 0xbe, 0x23, 0x72, 0x83, 0xbe, 0x61, 0x00, 0x8d, 0x3e, 
0x1b, 0x76, 0x4a, 0xbe, 0xdf, 0x9d, 0x83, 0x3e, 0x08, 0x67, 0xc0, 0x3d, 
0x7a, 0xf5, 0x74, 0x3e, 0x13, 0xe6, 0x18, 0xbe, 0x8b, 0x04, 0x42, 0x3e, 
0xb0, 0x2d, 0x7a, 0x3d, 0x38, 0x9c, 0x89, 0xbe, 0x3d, 0x20, 0x81, 0x3e, 
0xd6, 0x59, 0xbe, 0x3d, 0x69, 0xec, 0x85, 0xbe, 0xee, 0x6a, 0x23, 0xbe, 
0x9d, 0x5f, 0x45, 0x3e, 0x4f, 0xe9, 0x68, 0x3c, 0x54, 0x60, 0xf7, 0x3d, 
0x02, 0x82, 0x68, 0xbe, 0x01, 0x62, 0x7c, 0x3e, 0xf6, 0x69, 0x89, 0x3e, 
0x8d, 0x23, 0xb0, 0x3d, 0xdd, 0xfb, 0x3e, 0xbb, 0xd4, 0xd1, 0x4d, 0x3e, 
0xfb, 0xc2, 0x88, 0xbe, 0xc4, 0x7a, 0x56, 0x3e, 0x3e, 0xec, 0x46, 0xbe, 
0xd4, 0x4f, 0xa8, 0xbd, 0x35, 0x01, 0x86, 0xbe, 0x2e, 0xd1, 0x4a, 0x3b, 
0xa9, 0xe7, 0xc0, 0x3d, 0x28, 0x12, 0x8e, 0x3e, 0xd5, 0xfa, 0xa8, 0xbd, 
0x00, 0x30, 0xef, 0xb8, 0x77, 0xec, 0x8b, 0x3e, 0x7e, 0x0b, 0x2b, 0xbe, 
0xc2, 0x37, 0x4c, 0x3e, 0x61, 0xda, 0x6a, 0xbc, 0x07, 0x50, 0xb4, 0xbd, 
0x42, 0xfd, 0xff, 0xff, 0x04, 0x00, 0x00, 0x00, 0x0c, 0x00, 0x00, 0x00, 
0xff, 0xff, 0xff, 0xff, 0x30, 0x00, 0x00, 0x00, 0x08, 0x00, 0x00, 0x00, 
0x5a, 0xfd, 0xff, 0xff, 0x04, 0x00, 0x00, 0x00, 0x0c, 0x00, 0x00, 0x00, 
0xff, 0xff, 0xff, 0xff, 0x18, 0x00, 0x00, 0x00, 0x08, 0x00, 0x00, 0x00, 
0x72, 0xfd, 0xff, 0xff, 0x04, 0x00, 0x00, 0x00, 0x0c, 0x00, 0x00, 0x00, 
0xff, 0xff, 0xff, 0xff, 0x16, 0x00, 0x00, 0x00, 0x10, 0x00, 0x00, 0x00, 
0x8a, 0xfd, 0xff, 0xff, 0x04, 0x00, 0x00, 0x00, 0x0c, 0x00, 0x00, 0x00, 
0xff, 0xff, 0xff, 0xff, 0x0b, 0x00, 0x00, 0x00, 0x10, 0x00, 0x00, 0x00, 
0xa2, 0xfd, 0xff, 0xff, 0x04, 0x00, 0x00, 0x00, 0x0c, 0x00, 0x00, 0x00, 
0xd9, 0x50, 0xb4, 0x3d, 0xc4, 0xd5, 0x8f, 0x3a, 0x42, 0x69, 0x9e, 0xbd, 
0xba, 0xfd, 0xff, 0xff, 0x04, 0x00, 0x00, 0x00, 0x20, 0x00, 0x00, 0x00, 
0x1c, 0x16, 0xb1, 0xbc, 0xb8, 0xc0, 0x07, 0xbc, 0x00, 0x00, 0x00, 0x00, 
0x61, 0x46, 0x95, 0xbc, 0x21, 0xfe, 0x47, 0xbc, 0xab, 0x08, 0xf3, 0xbb, 
0x42, 0x6d, 0xbb, 0xba, 0x68, 0x60, 0x7f, 0xbc, 0xe6, 0xfd, 0xff, 0xff, 
0x04, 0x00, 0x00, 0x00, 0x40, 0x00, 0x00, 0x00, 0xfa, 0x90, 0x5e, 0xbc, 
0x00, 0x00, 0x00, 0x00, 0x00, 0x00, 0x00, 0x00, 0x59, 0x18, 0x24, 0x3c, 
0x43, 0xd1, 0xb7, 0xbc, 0x69, 0xfe, 0x55, 0xbd, 0x3f, 0xc0, 0x2d, 0x3c, 
0xbb, 0x5b, 0xae, 0x3c, 0x00, 0x00, 0x00, 0x00, 0xc9, 0x9a, 0x30, 0xbd, 
0x69, 0x18, 0x30, 0xbd, 0x7f, 0xc4, 0x4c, 0xbb, 0xf5, 0x8e, 0x8b, 0xbd, 
0x77, 0x3c, 0x0b, 0xbd, 0xd3, 0x37, 0x7e, 0xbc, 0x98, 0xe0, 0x52, 0x3d, 
0x32, 0xfe, 0xff, 0xff, 0x04, 0x00, 0x00, 0x00, 0x40, 0x00, 0x00, 0x00, 
0x75, 0x97, 0x7a, 0xbc, 0x00, 0x00, 0x00, 0x00, 0xf7, 0x2b, 0x39, 0xbc, 
0x11, 0x79, 0xb2, 0xbd, 0x4f, 0x24, 0x25, 0xbc, 0xa6, 0x02, 0xe9, 0xbb, 
0x5f, 0xdb, 0x7d, 0xbc, 0x00, 0x00, 0x00, 0x00, 0x10, 0x74, 0x85, 0x3d, 
0xa7, 0x17, 0x33, 0xbd, 0xce, 0x7e, 0x13, 0xbd, 0x83, 0xdf, 0x65, 0xbc, 
0xa9, 0x58, 0x2e, 0xbc, 0x1d, 0x54, 0x8f, 0x39, 0x00, 0x00, 0x00, 0x00, 
0x00, 0x00, 0x00, 0x00, 0xc8, 0xe9, 0xff, 0xff, 0xcc, 0xe9, 0xff, 0xff, 
0x0f, 0x00, 0x00, 0x00, 0x4d, 0x4c, 0x49, 0x52, 0x20, 0x43, 0x6f, 0x6e, 
0x76, 0x65, 0x72, 0x74, 0x65, 0x64, 0x2e, 0x00, 0x01, 0x00, 0x00, 0x00, 
0x14, 0x00, 0x00, 0x00, 0x00, 0x00, 0x0e, 0x00, 0x18, 0x00, 0x14, 0x00, 
0x10, 0x00, 0x0c, 0x00, 0x08, 0x00, 0x04, 0x00, 0x0e, 0x00, 0x00, 0x00, 
0x14, 0x00, 0x00, 0x00, 0x1c, 0x00, 0x00, 0x00, 0x88, 0x04, 0x00, 0x00, 
0x8c, 0x04, 0x00, 0x00, 0x90, 0x04, 0x00, 0x00, 0x04, 0x00, 0x00, 0x00, 
0x6d, 0x61, 0x69, 0x6e, 0x00, 0x00, 0x00, 0x00, 0x13, 0x00, 0x00, 0x00, 
0x40, 0x04, 0x00, 0x00, 0xdc, 0x03, 0x00, 0x00, 0xa4, 0x03, 0x00, 0x00, 
0x68, 0x03, 0x00, 0x00, 0x14, 0x03, 0x00, 0x00, 0xdc, 0x02, 0x00, 0x00, 
0xac, 0x02, 0x00, 0x00, 0x64, 0x02, 0x00, 0x00, 0x3c, 0x02, 0x00, 0x00, 
0x0c, 0x02, 0x00, 0x00, 0xc8, 0x01, 0x00, 0x00, 0xa0, 0x01, 0x00, 0x00, 
0x64, 0x01, 0x00, 0x00, 0x14, 0x01, 0x00, 0x00, 0xd4, 0x00, 0x00, 0x00, 
0xac, 0x00, 0x00, 0x00, 0x70, 0x00, 0x00, 0x00, 0x38, 0x00, 0x00, 0x00, 
0x04, 0x00, 0x00, 0x00, 0x7a, 0xfc, 0xff, 0xff, 0x14, 0x00, 0x00, 0x00, 
0x00, 0x00, 0x00, 0x09, 0x14, 0x00, 0x00, 0x00, 0x18, 0x00, 0x00, 0x00, 
0x08, 0x00, 0x00, 0x00, 0x3e, 0xff, 0xff, 0xff, 0x00, 0x00, 0x80, 0x3f, 
0x01, 0x00, 0x00, 0x00, 0x24, 0x00, 0x00, 0x00, 0x01, 0x00, 0x00, 0x00, 
0x23, 0x00, 0x00, 0x00, 0xaa, 0xfc, 0xff, 0xff, 0x14, 0x00, 0x00, 0x00, 
0x00, 0x00, 0x00, 0x08, 0x10, 0x00, 0x00, 0x00, 0x14, 0x00, 0x00, 0x00, 
0x07, 0x00, 0x00, 0x00, 0xb8, 0xea, 0xff, 0xff, 0x01, 0x00, 0x00, 0x00, 
0x23, 0x00, 0x00, 0x00, 0x03, 0x00, 0x00, 0x00, 0x22, 0x00, 0x00, 0x00, 
0x0b, 0x00, 0x00, 0x00, 0x04, 0x00, 0x00, 0x00, 0xde, 0xfc, 0xff, 0xff, 
0x14, 0x00, 0x00, 0x00, 0x00, 0x00, 0x00, 0x08, 0x14, 0x00, 0x00, 0x00, 
0x18, 0x00, 0x00, 0x00, 0x07, 0x00, 0x00, 0x00, 0x1a, 0xff, 0xff, 0xff, 
0x00, 0x00, 0x00, 0x01, 0x01, 0x00, 0x00, 0x00, 0x22, 0x00, 0x00, 0x00, 
0x03, 0x00, 0x00, 0x00, 0x21, 0x00, 0x00, 0x00, 0x0c, 0x00, 0x00, 0x00, 
0x01, 0x00, 0x00, 0x00, 0x46, 0xfd, 0xff, 0xff, 0x0c, 0x00, 0x00, 0x00, 
0x10, 0x00, 0x00, 0x00, 0x02, 0x00, 0x00, 0x00, 0x01, 0x00, 0x00, 0x00, 
0x21, 0x00, 0x00, 0x00, 0x02, 0x00, 0x00, 0x00, 0x1c, 0x00, 0x00, 0x00, 
0x20, 0x00, 0x00, 0x00, 0xf6, 0xfd, 0xff, 0xff, 0x1c, 0x00, 0x00, 0x00, 
0x00, 0x00, 0x00, 0x3b, 0x1c, 0x00, 0x00, 0x00, 0x20, 0x00, 0x00, 0x00, 
0x06, 0x00, 0x00, 0x00, 0x00, 0x00, 0x06, 0x00, 0x08, 0x00, 0x04, 0x00, 
0x06, 0x00, 0x00, 0x00, 0x02, 0x00, 0x00, 0x00, 0x01, 0x00, 0x00, 0x00, 
0x20, 0x00, 0x00, 0x00, 0x02, 0x00, 0x00, 0x00, 0x1f, 0x00, 0x00, 0x00, 
0x10, 0x00, 0x00, 0x00, 0x32, 0xfe, 0xff, 0xff, 0x24, 0x00, 0x00, 0x00, 
0x00, 0x00, 0x00, 0x20, 0x24, 0x00, 0x00, 0x00, 0x28, 0x00, 0x00, 0x00, 
0x05, 0x00, 0x00, 0x00, 0x00, 0x00, 0x0e, 0x00, 0x08, 0x00, 0x00, 0x00, 
0x00, 0x00, 0x00, 0x00, 0x00, 0x00, 0x04, 0x00, 0x0e, 0x00, 0x00, 0x00, 
0x01, 0x00, 0x00, 0x00, 0x01, 0x00, 0x00, 0x00, 0x1f, 0x00, 0x00, 0x00, 
0x04, 0x00, 0x00, 0x00, 0x1e, 0x00, 0x00, 0x00, 0x0f, 0x00, 0x00, 0x00, 
0x0e, 0x00, 0x00, 0x00, 0x0e, 0x00, 0x00, 0x00, 0x7e, 0xfe, 0xff, 0xff, 
0x1c, 0x00, 0x00, 0x00, 0x00, 0x00, 0x00, 0x37, 0x1c, 0x00, 0x00, 0x00, 
0x20, 0x00, 0x00, 0x00, 0x04, 0x00, 0x00, 0x00, 0x00, 0x00, 0x06, 0x00, 
0x08, 0x00, 0x07, 0x00, 0x06, 0x00, 0x00, 0x00, 0x00, 0x00, 0x00, 0x02, 
0x01, 0x00, 0x00, 0x00, 0x1e, 0x00, 0x00, 0x00, 0x01, 0x00, 0x00, 0x00, 
0x1d, 0x00, 0x00, 0x00, 0x2a, 0xfe, 0xff, 0xff, 0x0c, 0x00, 0x00, 0x00, 
0x10, 0x00, 0x00, 0x00, 0x02, 0x00, 0x00, 0x00, 0x01, 0x00, 0x00, 0x00, 
0x1d, 0x00, 0x00, 0x00, 0x02, 0x00, 0x00, 0x00, 0x1c, 0x00, 0x00, 0x00, 
0x05, 0x00, 0x00, 0x00, 0x1e, 0xfe, 0xff, 0xff, 0x14, 0x00, 0x00, 0x00, 
0x00, 0x00, 0x00, 0x05, 0x24, 0x00, 0x00, 0x00, 0x28, 0x00, 0x00, 0x00, 
0x03, 0x00, 0x00, 0x00, 0xca, 0xfe, 0xff, 0xff, 0x01, 0x00, 0x00, 0x00, 
0x02, 0x00, 0x00, 0x00, 0x01, 0x00, 0x00, 0x00, 0x02, 0x00, 0x00, 0x00, 
0x00, 0x00, 0x00, 0x01, 0x01, 0x00, 0x00, 0x00, 0x1c, 0x00, 0x00, 0x00, 
0x01, 0x00, 0x00, 0x00, 0x1b, 0x00, 0x00, 0x00, 0xfe, 0xfd, 0xff, 0xff, 
0x10, 0x00, 0x00, 0x00, 0x00, 0x00, 0x00, 0x34, 0x0c, 0x00, 0x00, 0x00, 
0x10, 0x00, 0x00, 0x00, 0x68, 0xec, 0xff, 0xff, 0x01, 0x00, 0x00, 0x00, 
0x1b, 0x00, 0x00, 0x00, 0x02, 0x00, 0x00, 0x00, 0x1a, 0x00, 0x00, 0x00, 
0x0d, 0x00, 0x00, 0x00, 0xba, 0xfe, 0xff, 0xff, 0x0c, 0x00, 0x00, 0x00, 
0x10, 0x00, 0x00, 0x00, 0x02, 0x00, 0x00, 0x00, 0x01, 0x00, 0x00, 0x00, 
0x1a, 0x00, 0x00, 0x00, 0x02, 0x00, 0x00, 0x00, 0x19, 0x00, 0x00, 0x00, 
0x06, 0x00, 0x00, 0x00, 0xae, 0xfe, 0xff, 0xff, 0x14, 0x00, 0x00, 0x00, 
0x00, 0x00, 0x00, 0x01, 0x20, 0x00, 0x00, 0x00, 0x24, 0x00, 0x00, 0x00, 
0x01, 0x00, 0x00, 0x00, 0xa0, 0xfe, 0xff, 0xff, 0x00, 0x00, 0x00, 0x01, 
0x01, 0x00, 0x00, 0x00, 0x01, 0x00, 0x00, 0x00, 0x00, 0x00, 0x00, 0x01, 
0x01, 0x00, 0x00, 0x00, 0x19, 0x00, 0x00, 0x00, 0x03, 0x00, 0x00, 0x00, 
0x18, 0x00, 0x00, 0x00, 0x09, 0x00, 0x00, 0x00, 0x02, 0x00, 0x00, 0x00, 
0x92, 0xfe, 0xff, 0xff, 0x10, 0x00, 0x00, 0x00, 0x00, 0x00, 0x00, 0x34, 
0x0c, 0x00, 0x00, 0x00, 0x10, 0x00, 0x00, 0x00, 0xfc, 0xec, 0xff, 0xff, 
0x01, 0x00, 0x00, 0x00, 0x18, 0x00, 0x00, 0x00, 0x02, 0x00, 0x00, 0x00, 
0x17, 0x00, 0x00, 0x00, 0x11, 0x00, 0x00, 0x00, 0x4e, 0xff, 0xff, 0xff, 
0x0c, 0x00, 0x00, 0x00, 0x10, 0x00, 0x00, 0x00, 0x02, 0x00, 0x00, 0x00, 
0x01, 0x00, 0x00, 0x00, 0x17, 0x00, 0x00, 0x00, 0x02, 0x00, 0x00, 0x00, 
0x16, 0x00, 0x00, 0x00, 0x07, 0x00, 0x00, 0x00, 0x00, 0x00, 0x0e, 0x00, 
0x1a, 0x00, 0x14, 0x00, 0x10, 0x00, 0x0c, 0x00, 0x0b, 0x00, 0x04, 0x00, 
0x0e, 0x00, 0x00, 0x00, 0x24, 0x00, 0x00, 0x00, 0x00, 0x00, 0x00, 0x05, 
0x34, 0x00, 0x00, 0x00, 0x38, 0x00, 0x00, 0x00, 0x03, 0x00, 0x00, 0x00, 
0x00, 0x00, 0x0e, 0x00, 0x18, 0x00, 0x17, 0x00, 0x10, 0x00, 0x0c, 0x00, 
0x08, 0x00, 0x04, 0x00, 0x0e, 0x00, 0x00, 0x00, 0x01, 0x00, 0x00, 0x00, 
0x02, 0x00, 0x00, 0x00, 0x01, 0x00, 0x00, 0x00, 0x02, 0x00, 0x00, 0x00, 
0x00, 0x00, 0x00, 0x01, 0x01, 0x00, 0x00, 0x00, 0x16, 0x00, 0x00, 0x00, 
0x01, 0x00, 0x00, 0x00, 0x15, 0x00, 0x00, 0x00, 0x42, 0xff, 0xff, 0xff, 
0x10, 0x00, 0x00, 0x00, 0x00, 0x00, 0x00, 0x34, 0x0c, 0x00, 0x00, 0x00, 
0x10, 0x00, 0x00, 0x00, 0xac, 0xed, 0xff, 0xff, 0x01, 0x00, 0x00, 0x00, 
0x15, 0x00, 0x00, 0x00, 0x02, 0x00, 0x00, 0x00, 0x14, 0x00, 0x00, 0x00, 
0x0d, 0x00, 0x00, 0x00, 0x00, 0x00, 0x0a, 0x00, 0x10, 0x00, 0x0c, 0x00, 
0x08, 0x00, 0x04, 0x00, 0x0a, 0x00, 0x00, 0x00, 0x0c, 0x00, 0x00, 0x00, 
0x10, 0x00, 0x00, 0x00, 0x02, 0x00, 0x00, 0x00, 0x01, 0x00, 0x00, 0x00, 
0x14, 0x00, 0x00, 0x00, 0x02, 0x00, 0x00, 0x00, 0x13, 0x00, 0x00, 0x00, 
0x08, 0x00, 0x00, 0x00, 0x00, 0x00, 0x0e, 0x00, 0x18, 0x00, 0x14, 0x00, 
0x10, 0x00, 0x0c, 0x00, 0x0b, 0x00, 0x04, 0x00, 0x0e, 0x00, 0x00, 0x00, 
0x20, 0x00, 0x00, 0x00, 0x00, 0x00, 0x00, 0x01, 0x2c, 0x00, 0x00, 0x00, 
0x30, 0x00, 0x00, 0x00, 0x01, 0x00, 0x00, 0x00, 0x0c, 0x00, 0x14, 0x00, 
0x13, 0x00, 0x0c, 0x00, 0x08, 0x00, 0x07, 0x00, 0x0c, 0x00, 0x00, 0x00, 
0x00, 0x00, 0x00, 0x01, 0x01, 0x00, 0x00, 0x00, 0x01, 0x00, 0x00, 0x00, 
0x00, 0x00, 0x00, 0x01, 0x01, 0x00, 0x00, 0x00, 0x13, 0x00, 0x00, 0x00, 
0x03, 0x00, 0x00, 0x00, 0x12, 0x00, 0x00, 0x00, 0x0a, 0x00, 0x00, 0x00, 
0x03, 0x00, 0x00, 0x00, 0x00, 0x00, 0x0e, 0x00, 0x14, 0x00, 0x00, 0x00, 
0x10, 0x00, 0x0c, 0x00, 0x0b, 0x00, 0x04, 0x00, 0x0e, 0x00, 0x00, 0x00, 
0x10, 0x00, 0x00, 0x00, 0x00, 0x00, 0x00, 0x34, 0x0c, 0x00, 0x00, 0x00, 
0x10, 0x00, 0x00, 0x00, 0x78, 0xee, 0xff, 0xff, 0x01, 0x00, 0x00, 0x00, 
0x12, 0x00, 0x00, 0x00, 0x02, 0x00, 0x00, 0x00, 0x00, 0x00, 0x00, 0x00, 
0x11, 0x00, 0x00, 0x00, 0x01, 0x00, 0x00, 0x00, 0x24, 0x00, 0x00, 0x00, 
0x01, 0x00, 0x00, 0x00, 0x00, 0x00, 0x00, 0x00, 0x25, 0x00, 0x00, 0x00, 
0x30, 0x11, 0x00, 0x00, 0xb4, 0x10, 0x00, 0x00, 0xc0, 0x0f, 0x00, 0x00, 
0xf0, 0x0e, 0x00, 0x00, 0xa4, 0x0e, 0x00, 0x00, 0x40, 0x0e, 0x00, 0x00, 
0xcc, 0x0d, 0x00, 0x00, 0x6c, 0x0d, 0x00, 0x00, 0x10, 0x0d, 0x00, 0x00, 
0xb4, 0x0c, 0x00, 0x00, 0x58, 0x0c, 0x00, 0x00, 0x08, 0x0c, 0x00, 0x00, 
0xbc, 0x0b, 0x00, 0x00, 0x80, 0x0b, 0x00, 0x00, 0x40, 0x0b, 0x00, 0x00, 
0xe4, 0x0a, 0x00, 0x00, 0x90, 0x0a, 0x00, 0x00, 0x54, 0x0a, 0x00, 0x00, 
0xd4, 0x09, 0x00, 0x00, 0xe0, 0x08, 0x00, 0x00, 0x14, 0x08, 0x00, 0x00, 
0x90, 0x07, 0x00, 0x00, 0x18, 0x07, 0x00, 0x00, 0xa0, 0x06, 0x00, 0x00, 
0x20, 0x06, 0x00, 0x00, 0x20, 0x05, 0x00, 0x00, 0x4c, 0x04, 0x00, 0x00, 
0xc8, 0x03, 0x00, 0x00, 0x4c, 0x03, 0x00, 0x00, 0xd0, 0x02, 0x00, 0x00, 
0x80, 0x02, 0x00, 0x00, 0x2c, 0x02, 0x00, 0x00, 0xd4, 0x01, 0x00, 0x00, 
0x74, 0x01, 0x00, 0x00, 0xe0, 0x00, 0x00, 0x00, 0x60, 0x00, 0x00, 0x00, 
0x04, 0x00, 0x00, 0x00, 0x7a, 0xef, 0xff, 0xff, 0x00, 0x00, 0x00, 0x01, 
0x14, 0x00, 0x00, 0x00, 0x1c, 0x00, 0x00, 0x00, 0x1c, 0x00, 0x00, 0x00, 
0x25, 0x00, 0x00, 0x00, 0x34, 0x00, 0x00, 0x00, 0x02, 0x00, 0x00, 0x00, 
0xff, 0xff, 0xff, 0xff, 0x03, 0x00, 0x00, 0x00, 0x60, 0xef, 0xff, 0xff, 
0x1b, 0x00, 0x00, 0x00, 0x53, 0x74, 0x61, 0x74, 0x65, 0x66, 0x75, 0x6c, 
0x50, 0x61, 0x72, 0x74, 0x69, 0x74, 0x69, 0x6f, 0x6e, 0x65, 0x64, 0x43, 
0x61, 0x6c, 0x6c, 0x5f, 0x31, 0x3a, 0x30, 0x00, 0x02, 0x00, 0x00, 0x00, 
0x01, 0x00, 0x00, 0x00, 0x03, 0x00, 0x00, 0x00, 0xd2, 0xef, 0xff, 0xff, 
0x00, 0x00, 0x00, 0x01, 0x14, 0x00, 0x00, 0x00, 0x1c, 0x00, 0x00, 0x00, 
0x1c, 0x00, 0x00, 0x00, 0x24, 0x00, 0x00, 0x00, 0x58, 0x00, 0x00, 0x00, 
0x02, 0x00, 0x00, 0x00, 0xff, 0xff, 0xff, 0xff, 0x03, 0x00, 0x00, 0x00, 
0xb8, 0xef, 0xff, 0xff, 0x3c, 0x00, 0x00, 0x00, 0x73, 0x65, 0x71, 0x75, 
0x65, 0x6e, 0x74, 0x69, 0x61, 0x6c, 0x5f, 0x31, 0x2f, 0x64, 0x65, 0x6e, 
0x73, 0x65, 0x5f, 0x31, 0x5f, 0x32, 0x2f, 0x4d, 0x61, 0x74, 0x4d, 0x75, 
0x6c, 0x3b, 0x73, 0x65, 0x71, 0x75, 0x65, 0x6e, 0x74, 0x69, 0x61, 0x6c, 
0x5f, 0x31, 0x2f, 0x64, 0x65, 0x6e, 0x73, 0x65, 0x5f, 0x31, 0x5f, 0x32, 
0x2f, 0x42, 0x69, 0x61, 0x73, 0x41, 0x64, 0x64, 0x00, 0x00, 0x00, 0x00, 
0x02, 0x00, 0x00, 0x00, 0x01, 0x00, 0x00, 0x00, 0x03, 0x00, 0x00, 0x00, 
0x4e, 0xf0, 0xff, 0xff, 0x00, 0x00, 0x00, 0x01, 0x14, 0x00, 0x00, 0x00, 
0x1c, 0x00, 0x00, 0x00, 0x1c, 0x00, 0x00, 0x00, 0x23, 0x00, 0x00, 0x00, 
0x6c, 0x00, 0x00, 0x00, 0x02, 0x00, 0x00, 0x00, 0xff, 0xff, 0xff, 0xff, 
0x10, 0x00, 0x00, 0x00, 0x34, 0xf0, 0xff, 0xff, 0x52, 0x00, 0x00, 0x00, 
0x73, 0x65, 0x71, 0x75, 0x65, 0x6e, 0x74, 0x69, 0x61, 0x6c, 0x5f, 0x31, 
0x2f, 0x64, 0x65, 0x6e, 0x73, 0x65, 0x5f, 0x31, 0x2f, 0x4d, 0x61, 0x74, 
0x4d, 0x75, 0x6c, 0x3b, 0x73, 0x65, 0x71, 0x75, 0x65, 0x6e, 0x74, 0x69, 
0x61, 0x6c, 0x5f, 0x31, 0x2f, 0x64, 0x65, 0x6e, 0x73, 0x65, 0x5f, 0x31, 
0x2f, 0x52, 0x65, 0x6c, 0x75, 0x3b, 0x73, 0x65, 0x71, 0x75, 0x65, 0x6e, 
0x74, 0x69, 0x61, 0x6c, 0x5f, 0x31, 0x2f, 0x64, 0x65, 0x6e, 0x73, 0x65, 
0x5f, 0x31, 0x2f, 0x42, 0x69, 0x61, 0x73, 0x41, 0x64, 0x64, 0x00, 0x00, 
0x02, 0x00, 0x00, 0x00, 0x01, 0x00, 0x00, 0x00, 0x10, 0x00, 0x00, 0x00, 
0xde, 0xf0, 0xff, 0xff, 0x00, 0x00, 0x00, 0x01, 0x14, 0x00, 0x00, 0x00, 
0x1c, 0x00, 0x00, 0x00, 0x1c, 0x00, 0x00, 0x00, 0x22, 0x00, 0x00, 0x00, 
0x38, 0x00, 0x00, 0x00, 0x02, 0x00, 0x00, 0x00, 0xff, 0xff, 0xff, 0xff, 
0xb0, 0x00, 0x00, 0x00, 0xc4, 0xf0, 0xff, 0xff, 0x1e, 0x00, 0x00, 0x00, 
0x73, 0x65, 0x71, 0x75, 0x65, 0x6e, 0x74, 0x69, 0x61, 0x6c, 0x5f, 0x31, 
0x2f, 0x66, 0x6c, 0x61, 0x74, 0x74, 0x65, 0x6e, 0x5f, 0x31, 0x2f, 0x52, 
0x65, 0x73, 0x68, 0x61, 0x70, 0x65, 0x00, 0x00, 0x02, 0x00, 0x00, 0x00, 
0x01, 0x00, 0x00, 0x00, 0xb0, 0x00, 0x00, 0x00, 0x16, 0xf4, 0xff, 0xff, 
0x00, 0x00, 0x00, 0x01, 0x14, 0x00, 0x00, 0x00, 0x14, 0x00, 0x00, 0x00, 
0x21, 0x00, 0x00, 0x00, 0x00, 0x00, 0x00, 0x02, 0x34, 0x00, 0x00, 0x00, 
0x14, 0xf1, 0xff, 0xff, 0x24, 0x00, 0x00, 0x00, 0x73, 0x65, 0x71, 0x75, 
0x65, 0x6e, 0x74, 0x69, 0x61, 0x6c, 0x5f, 0x31, 0x2f, 0x66, 0x6c, 0x61, 
0x74, 0x74, 0x65, 0x6e, 0x5f, 0x31, 0x2f, 0x52, 0x65, 0x73, 0x68, 0x61, 
0x70, 0x65, 0x2f, 0x73, 0x68, 0x61, 0x70, 0x65, 0x00, 0x00, 0x00, 0x00, 
0x01, 0x00, 0x00, 0x00, 0x02, 0x00, 0x00, 0x00, 0x6a, 0xf4, 0xff, 0xff, 
0x00, 0x00, 0x00, 0x01, 0x14, 0x00, 0x00, 0x00, 0x14, 0x00, 0x00, 0x00, 
0x20, 0x00, 0x00, 0x00, 0x00, 0x00, 0x00, 0x02, 0x34, 0x00, 0x00, 0x00, 
0x68, 0xf1, 0xff, 0xff, 0x24, 0x00, 0x00, 0x00, 0x73, 0x65, 0x71, 0x75, 
0x65, 0x6e, 0x74, 0x69, 0x61, 0x6c, 0x5f, 0x31, 0x2f, 0x66, 0x6c, 0x61, 
0x74, 0x74, 0x65, 0x6e, 0x5f, 0x31, 0x2f, 0x73, 0x74, 0x72, 0x69, 0x64, 
0x65, 0x64, 0x5f, 0x73, 0x6c, 0x69, 0x63, 0x65, 0x00, 0x00, 0x00, 0x00, 
0x00, 0x00, 0x00, 0x00, 0xba, 0xf4, 0xff, 0xff, 0x00, 0x00, 0x00, 0x01, 
0x14, 0x00, 0x00, 0x00, 0x14, 0x00, 0x00, 0x00, 0x1f, 0x00, 0x00, 0x00, 
0x00, 0x00, 0x00, 0x02, 0x2c, 0x00, 0x00, 0x00, 0xb8, 0xf1, 0xff, 0xff, 
0x1c, 0x00, 0x00, 0x00, 0x73, 0x65, 0x71, 0x75, 0x65, 0x6e, 0x74, 0x69, 
0x61, 0x6c, 0x5f, 0x31, 0x2f, 0x66, 0x6c, 0x61, 0x74, 0x74, 0x65, 0x6e, 
0x5f, 0x31, 0x2f, 0x53, 0x68, 0x61, 0x70, 0x65, 0x00, 0x00, 0x00, 0x00, 
0x01, 0x00, 0x00, 0x00, 0x03, 0x00, 0x00, 0x00, 0x2a, 0xf2, 0xff, 0xff, 
0x00, 0x00, 0x00, 0x01, 0x14, 0x00, 0x00, 0x00, 0x20, 0x00, 0x00, 0x00, 
0x20, 0x00, 0x00, 0x00, 0x1e, 0x00, 0x00, 0x00, 0x50, 0x00, 0x00, 0x00, 
0x03, 0x00, 0x00, 0x00, 0xff, 0xff, 0xff, 0xff, 0x0b, 0x00, 0x00, 0x00, 
0x10, 0x00, 0x00, 0x00, 0x14, 0xf2, 0xff, 0xff, 0x31, 0x00, 0x00, 0x00, 
0x73, 0x65, 0x71, 0x75, 0x65, 0x6e, 0x74, 0x69, 0x61, 0x6c, 0x5f, 0x31, 
0x2f, 0x6d, 0x61, 0x78, 0x5f, 0x70, 0x6f, 0x6f, 0x6c, 0x69, 0x6e, 0x67, 
0x31, 0x64, 0x5f, 0x31, 0x5f, 0x32, 0x2f, 0x4d, 0x61, 0x78, 0x50, 0x6f, 
0x6f, 0x6c, 0x31, 0x64, 0x2f, 0x53, 0x71, 0x75, 0x65, 0x65, 0x7a, 0x65, 
0x31, 0x00, 0x00, 0x00, 0x03, 0x00, 0x00, 0x00, 0x01, 0x00, 0x00, 0x00, 
0x0b, 0x00, 0x00, 0x00, 0x10, 0x00, 0x00, 0x00, 0xa2, 0xf2, 0xff, 0xff, 
0x00, 0x00, 0x00, 0x01, 0x14, 0x00, 0x00, 0x00, 0x24, 0x00, 0x00, 0x00, 
0x24, 0x00, 0x00, 0x00, 0x1d, 0x00, 0x00, 0x00, 0x4c, 0x00, 0x00, 0x00, 
0x04, 0x00, 0x00, 0x00, 0xff, 0xff, 0xff, 0xff, 0x01, 0x00, 0x00, 0x00, 
0x0b, 0x00, 0x00, 0x00, 0x10, 0x00, 0x00, 0x00, 0x90, 0xf2, 0xff, 0xff, 
0x28, 0x00, 0x00, 0x00, 0x73, 0x65, 0x71, 0x75, 0x65, 0x6e, 0x74, 0x69, 
0x61, 0x6c, 0x5f, 0x31, 0x2f, 0x6d, 0x61, 0x78, 0x5f, 0x70, 0x6f, 0x6f, 
0x6c, 0x69, 0x6e, 0x67, 0x31, 0x64, 0x5f, 0x31, 0x5f, 0x32, 0x2f, 0x4d, 
0x61, 0x78, 0x50, 0x6f, 0x6f, 0x6c, 0x31, 0x64, 0x00, 0x00, 0x00, 0x00, 
0x04, 0x00, 0x00, 0x00, 0x01, 0x00, 0x00, 0x00, 0x01, 0x00, 0x00, 0x00, 
0x0b, 0x00, 0x00, 0x00, 0x10, 0x00, 0x00, 0x00, 0x1a, 0xf3, 0xff, 0xff, 
0x00, 0x00, 0x00, 0x01, 0x14, 0x00, 0x00, 0x00, 0x24, 0x00, 0x00, 0x00, 
0x24, 0x00, 0x00, 0x00, 0x1c, 0x00, 0x00, 0x00, 0x54, 0x00, 0x00, 0x00, 
0x04, 0x00, 0x00, 0x00, 0xff, 0xff, 0xff, 0xff, 0x01, 0x00, 0x00, 0x00, 
0x16, 0x00, 0x00, 0x00, 0x10, 0x00, 0x00, 0x00, 0x08, 0xf3, 0xff, 0xff, 
0x33, 0x00, 0x00, 0x00, 0x73, 0x65, 0x71, 0x75, 0x65, 0x6e, 0x74, 0x69, 
0x61, 0x6c, 0x5f, 0x31, 0x2f, 0x6d, 0x61, 0x78, 0x5f, 0x70, 0x6f, 0x6f, 
0x6c, 0x69, 0x6e, 0x67, 0x31, 0x64, 0x5f, 0x31, 0x5f, 0x32, 0x2f, 0x4d, 
0x61, 0x78, 0x50, 0x6f, 0x6f, 0x6c, 0x31, 0x64, 0x2f, 0x45, 0x78, 0x70, 
0x61, 0x6e, 0x64, 0x44, 0x69, 0x6d, 0x73, 0x00, 0x04, 0x00, 0x00, 0x00, 
0x01, 0x00, 0x00, 0x00, 0x01, 0x00, 0x00, 0x00, 0x16, 0x00, 0x00, 0x00, 
0x10, 0x00, 0x00, 0x00, 0x9a, 0xf3, 0xff, 0xff, 0x00, 0x00, 0x00, 0x01, 
0x14, 0x00, 0x00, 0x00, 0x20, 0x00, 0x00, 0x00, 0x20, 0x00, 0x00, 0x00, 
0x1b, 0x00, 0x00, 0x00, 0xa8, 0x00, 0x00, 0x00, 0x03, 0x00, 0x00, 0x00, 
0xff, 0xff, 0xff, 0xff, 0x16, 0x00, 0x00, 0x00, 0x10, 0x00, 0x00, 0x00, 
0x84, 0xf3, 0xff, 0xff, 0x88, 0x00, 0x00, 0x00, 0x73, 0x65, 0x71, 0x75, 
0x65, 0x6e, 0x74, 0x69, 0x61, 0x6c, 0x5f, 0x31, 0x2f, 0x63, 0x6f, 0x6e, 
0x76, 0x31, 0x64, 0x5f, 0x31, 0x5f, 0x32, 0x2f, 0x52, 0x65, 0x6c, 0x75, 
0x3b, 0x73, 0x65, 0x71, 0x75, 0x65, 0x6e, 0x74, 0x69, 0x61, 0x6c, 0x5f, 
0x31, 0x2f, 0x63, 0x6f, 0x6e, 0x76, 0x31, 0x64, 0x5f, 0x31, 0x5f, 0x32, 
0x2f, 0x42, 0x69, 0x61, 0x73, 0x41, 0x64, 0x64, 0x3b, 0x73, 0x65, 0x71, 
0x75, 0x65, 0x6e, 0x74, 0x69, 0x61, 0x6c, 0x5f, 0x31, 0x2f, 0x63, 0x6f, 
0x6e, 0x76, 0x31, 0x64, 0x5f, 0x31, 0x5f, 0x32, 0x2f, 0x63, 0x6f, 0x6e, 
0x76, 0x6f, 0x6c, 0x75, 0x74, 0x69, 0x6f, 0x6e, 0x2f, 0x53, 0x71, 0x75, 
0x65, 0x65, 0x7a, 0x65, 0x3b, 0x73, 0x65, 0x71, 0x75, 0x65, 0x6e, 0x74, 
0x69, 0x61, 0x6c, 0x5f, 0x31, 0x2f, 0x63, 0x6f, 0x6e, 0x76, 0x31, 0x64, 
0x5f, 0x31, 0x5f, 0x32, 0x2f, 0x53, 0x71, 0x75, 0x65, 0x65, 0x7a, 0x65, 
0x00, 0x00, 0x00, 0x00, 0x03, 0x00, 0x00, 0x00, 0x01, 0x00, 0x00, 0x00, 
0x16, 0x00, 0x00, 0x00, 0x10, 0x00, 0x00, 0x00, 0x6a, 0xf4, 0xff, 0xff, 
0x00, 0x00, 0x00, 0x01, 0x14, 0x00, 0x00, 0x00, 0x24, 0x00, 0x00, 0x00, 
0x24, 0x00, 0x00, 0x00, 0x1a, 0x00, 0x00, 0x00, 0xd0, 0x00, 0x00, 0x00, 
0x04, 0x00, 0x00, 0x00, 0xff, 0xff, 0xff, 0xff, 0x01, 0x00, 0x00, 0x00, 
0x16, 0x00, 0x00, 0x00, 0x10, 0x00, 0x00, 0x00, 0x58, 0xf4, 0xff, 0xff, 
0xad, 0x00, 0x00, 0x00, 0x73, 0x65, 0x71, 0x75, 0x65, 0x6e, 0x74, 0x69, 
0x61, 0x6c, 0x5f, 0x31, 0x2f, 0x63, 0x6f, 0x6e, 0x76, 0x31, 0x64, 0x5f, 
0x31, 0x5f, 0x32, 0x2f, 0x52, 0x65, 0x6c, 0x75, 0x3b, 0x73, 0x65, 0x71, 
0x75, 0x65, 0x6e, 0x74, 0x69, 0x61, 0x6c, 0x5f, 0x31, 0x2f, 0x63, 0x6f, 
0x6e, 0x76, 0x31, 0x64, 0x5f, 0x31, 0x5f, 0x32, 0x2f, 0x42, 0x69, 0x61, 
0x73, 0x41, 0x64, 0x64, 0x3b, 0x73, 0x65, 0x71, 0x75, 0x65, 0x6e, 0x74, 
0x69, 0x61, 0x6c, 0x5f, 0x31, 0x2f, 0x63, 0x6f, 0x6e, 0x76, 0x31, 0x64, 
0x5f, 0x31, 0x5f, 0x32, 0x2f, 0x63, 0x6f, 0x6e, 0x76, 0x6f, 0x6c, 0x75, 
0x74, 0x69, 0x6f, 0x6e, 0x2f, 0x53, 0x71, 0x75, 0x65, 0x65, 0x7a, 0x65, 
0x3b, 0x73, 0x65, 0x71, 0x75, 0x65, 0x6e, 0x74, 0x69, 0x61, 0x6c, 0x5f, 
0x31, 0x2f, 0x63, 0x6f, 0x6e, 0x76, 0x31, 0x64, 0x5f, 0x31, 0x5f, 0x32, 
0x2f, 0x53, 0x71, 0x75, 0x65, 0x65, 0x7a, 0x65, 0x3b, 0x73, 0x65, 0x71, 
0x75, 0x65, 0x6e, 0x74, 0x69, 0x61, 0x6c, 0x5f, 0x31, 0x2f, 0x63, 0x6f, 
0x6e, 0x76, 0x31, 0x64, 0x5f, 0x31, 0x5f, 0x32, 0x2f, 0x63, 0x6f, 0x6e, 
0x76, 0x6f, 0x6c, 0x75, 0x74, 0x69, 0x6f, 0x6e, 0x31, 0x00, 0x00, 0x00, 
0x04, 0x00, 0x00, 0x00, 0x01, 0x00, 0x00, 0x00, 0x01, 0x00, 0x00, 0x00, 
0x16, 0x00, 0x00, 0x00, 0x10, 0x00, 0x00, 0x00, 0x66, 0xf5, 0xff, 0xff, 
0x00, 0x00, 0x00, 0x01, 0x14, 0x00, 0x00, 0x00, 0x24, 0x00, 0x00, 0x00, 
0x24, 0x00, 0x00, 0x00, 0x19, 0x00, 0x00, 0x00, 0x50, 0x00, 0x00, 0x00, 
0x04, 0x00, 0x00, 0x00, 0xff, 0xff, 0xff, 0xff, 0x01, 0x00, 0x00, 0x00, 
0x18, 0x00, 0x00, 0x00, 0x08, 0x00, 0x00, 0x00, 0x54, 0xf5, 0xff, 0xff, 
0x2e, 0x00, 0x00, 0x00, 0x73, 0x65, 0x71, 0x75, 0x65, 0x6e, 0x74, 0x69, 
0x61, 0x6c, 0x5f, 0x31, 0x2f, 0x63, 0x6f, 0x6e, 0x76, 0x31, 0x64, 0x5f, 
0x31, 0x5f, 0x32, 0x2f, 0x63, 0x6f, 0x6e, 0x76, 0x6f, 0x6c, 0x75, 0x74, 
0x69, 0x6f, 0x6e, 0x2f, 0x45, 0x78, 0x70, 0x61, 0x6e, 0x64, 0x44, 0x69, 
0x6d, 0x73, 0x00, 0x00, 0x04, 0x00, 0x00, 0x00, 0x01, 0x00, 0x00, 0x00, 
0x01, 0x00, 0x00, 0x00, 0x18, 0x00, 0x00, 0x00, 0x08, 0x00, 0x00, 0x00, 
0xe2, 0xf5, 0xff, 0xff, 0x00, 0x00, 0x00, 0x01, 0x14, 0x00, 0x00, 0x00, 
0x20, 0x00, 0x00, 0x00, 0x20, 0x00, 0x00, 0x00, 0x18, 0x00, 0x00, 0x00, 
0x4c, 0x00, 0x00, 0x00, 0x03, 0x00, 0x00, 0x00, 0xff, 0xff, 0xff, 0xff, 
0x18, 0x00, 0x00, 0x00, 0x08, 0x00, 0x00, 0x00, 0xcc, 0xf5, 0xff, 0xff, 
0x2f, 0x00, 0x00, 0x00, 0x73, 0x65, 0x71, 0x75, 0x65, 0x6e, 0x74, 0x69, 
0x61, 0x6c, 0x5f, 0x31, 0x2f, 0x6d, 0x61, 0x78, 0x5f, 0x70, 0x6f, 0x6f, 
0x6c, 0x69, 0x6e, 0x67, 0x31, 0x64, 0x5f, 0x31, 0x2f, 0x4d, 0x61, 0x78, 
0x50, 0x6f, 0x6f, 0x6c, 0x31, 0x64, 0x2f, 0x53, 0x71, 0x75, 0x65, 0x65, 
0x7a, 0x65, 0x31, 0x00, 0x03, 0x00, 0x00, 0x00, 0x01, 0x00, 0x00, 0x00, 
0x18, 0x00, 0x00, 0x00, 0x08, 0x00, 0x00, 0x00, 0x56, 0xf6, 0xff, 0xff, 
0x00, 0x00, 0x00, 0x01, 0x14, 0x00, 0x00, 0x00, 0x24, 0x00, 0x00, 0x00, 
0x24, 0x00, 0x00, 0x00, 0x17, 0x00, 0x00, 0x00, 0x48, 0x00, 0x00, 0x00, 
0x04, 0x00, 0x00, 0x00, 0xff, 0xff, 0xff, 0xff, 0x01, 0x00, 0x00, 0x00, 
0x18, 0x00, 0x00, 0x00, 0x08, 0x00, 0x00, 0x00, 0x44, 0xf6, 0xff, 0xff, 
0x26, 0x00, 0x00, 0x00, 0x73, 0x65, 0x71, 0x75, 0x65, 0x6e, 0x74, 0x69, 
0x61, 0x6c, 0x5f, 0x31, 0x2f, 0x6d, 0x61, 0x78, 0x5f, 0x70, 0x6f, 0x6f, 
0x6c, 0x69, 0x6e, 0x67, 0x31, 0x64, 0x5f, 0x31, 0x2f, 0x4d, 0x61, 0x78, 
0x50, 0x6f, 0x6f, 0x6c, 0x31, 0x64, 0x00, 0x00, 0x04, 0x00, 0x00, 0x00, 
0x01, 0x00, 0x00, 0x00, 0x01, 0x00, 0x00, 0x00, 0x18, 0x00, 0x00, 0x00, 
0x08, 0x00, 0x00, 0x00, 0xca, 0xf6, 0xff, 0xff, 0x00, 0x00, 0x00, 0x01, 
0x14, 0x00, 0x00, 0x00, 0x24, 0x00, 0x00, 0x00, 0x24, 0x00, 0x00, 0x00, 
0x16, 0x00, 0x00, 0x00, 0x54, 0x00, 0x00, 0x00, 0x04, 0x00, 0x00, 0x00, 
0xff, 0xff, 0xff, 0xff, 0x01, 0x00, 0x00, 0x00, 0x30, 0x00, 0x00, 0x00, 
0x08, 0x00, 0x00, 0x00, 0xb8, 0xf6, 0xff, 0xff, 0x31, 0x00, 0x00, 0x00, 
0x73, 0x65, 0x71, 0x75, 0x65, 0x6e, 0x74, 0x69, 0x61, 0x6c, 0x5f, 0x31, 
0x2f, 0x6d, 0x61, 0x78, 0x5f, 0x70, 0x6f, 0x6f, 0x6c, 0x69, 0x6e, 0x67, 
0x31, 0x64, 0x5f, 0x31, 0x2f, 0x4d, 0x61, 0x78, 0x50, 0x6f, 0x6f, 0x6c, 
0x31, 0x64, 0x2f, 0x45, 0x78, 0x70, 0x61, 0x6e, 0x64, 0x44, 0x69, 0x6d, 
0x73, 0x00, 0x00, 0x00, 0x04, 0x00, 0x00, 0x00, 0x01, 0x00, 0x00, 0x00, 
0x01, 0x00, 0x00, 0x00, 0x30, 0x00, 0x00, 0x00, 0x08, 0x00, 0x00, 0x00, 
0x4a, 0xf7, 0xff, 0xff, 0x00, 0x00, 0x00, 0x01, 0x14, 0x00, 0x00, 0x00, 
0x20, 0x00, 0x00, 0x00, 0x20, 0x00, 0x00, 0x00, 0x15, 0x00, 0x00, 0x00, 
0xa0, 0x00, 0x00, 0x00, 0x03, 0x00, 0x00, 0x00, 0xff, 0xff, 0xff, 0xff, 
0x30, 0x00, 0x00, 0x00, 0x08, 0x00, 0x00, 0x00, 0x34, 0xf7, 0xff, 0xff, 
0x80, 0x00, 0x00, 0x00, 0x73, 0x65, 0x71, 0x75, 0x65, 0x6e, 0x74, 0x69, 
0x61, 0x6c, 0x5f, 0x31, 0x2f, 0x63, 0x6f, 0x6e, 0x76, 0x31, 0x64, 0x5f, 
0x31, 0x2f, 0x52, 0x65, 0x6c, 0x75, 0x3b, 0x73, 0x65, 0x71, 0x75, 0x65, 
0x6e, 0x74, 0x69, 0x61, 0x6c, 0x5f, 0x31, 0x2f, 0x63, 0x6f, 0x6e, 0x76, 
0x31, 0x64, 0x5f, 0x31, 0x2f, 0x42, 0x69, 0x61, 0x73, 0x41, 0x64, 0x64, 
0x3b, 0x73, 0x65, 0x71, 0x75, 0x65, 0x6e, 0x74, 0x69, 0x61, 0x6c, 0x5f, 
0x31, 0x2f, 0x63, 0x6f, 0x6e, 0x76, 0x31, 0x64, 0x5f, 0x31, 0x2f, 0x63, 
0x6f, 0x6e, 0x76, 0x6f, 0x6c, 0x75, 0x74, 0x69, 0x6f, 0x6e, 0x2f, 0x53, 
0x71, 0x75, 0x65, 0x65, 0x7a, 0x65, 0x3b, 0x73, 0x65, 0x71, 0x75, 0x65, 
0x6e, 0x74, 0x69, 0x61, 0x6c, 0x5f, 0x31, 0x2f, 0x63, 0x6f, 0x6e, 0x76, 
0x31, 0x64, 0x5f, 0x31, 0x2f, 0x53, 0x71, 0x75, 0x65, 0x65, 0x7a, 0x65, 
0x00, 0x00, 0x00, 0x00, 0x03, 0x00, 0x00, 0x00, 0x01, 0x00, 0x00, 0x00, 
0x30, 0x00, 0x00, 0x00, 0x08, 0x00, 0x00, 0x00, 0x12, 0xf8, 0xff, 0xff, 
0x00, 0x00, 0x00, 0x01, 0x14, 0x00, 0x00, 0x00, 0x24, 0x00, 0x00, 0x00, 
0x24, 0x00, 0x00, 0x00, 0x14, 0x00, 0x00, 0x00, 0xc4, 0x00, 0x00, 0x00, 
0x04, 0x00, 0x00, 0x00, 0xff, 0xff, 0xff, 0xff, 0x01, 0x00, 0x00, 0x00, 
0x30, 0x00, 0x00, 0x00, 0x08, 0x00, 0x00, 0x00, 0x00, 0xf8, 0xff, 0xff, 
0xa3, 0x00, 0x00, 0x00, 0x73, 0x65, 0x71, 0x75, 0x65, 0x6e, 0x74, 0x69, 
0x61, 0x6c, 0x5f, 0x31, 0x2f, 0x63, 0x6f, 0x6e, 0x76, 0x31, 0x64, 0x5f, 
0x31, 0x2f, 0x52, 0x65, 0x6c, 0x75, 0x3b, 0x73, 0x65, 0x71, 0x75, 0x65, 
0x6e, 0x74, 0x69, 0x61, 0x6c, 0x5f, 0x31, 0x2f, 0x63, 0x6f, 0x6e, 0x76, 
0x31, 0x64, 0x5f, 0x31, 0x2f, 0x42, 0x69, 0x61, 0x73, 0x41, 0x64, 0x64, 
0x3b, 0x73, 0x65, 0x71, 0x75, 0x65, 0x6e, 0x74, 0x69, 0x61, 0x6c, 0x5f, 
0x31, 0x2f, 0x63, 0x6f, 0x6e, 0x76, 0x31, 0x64, 0x5f, 0x31, 0x2f, 0x63, 
0x6f, 0x6e, 0x76, 0x6f, 0x6c, 0x75, 0x74, 0x69, 0x6f, 0x6e, 0x2f, 0x53, 
0x71, 0x75, 0x65, 0x65, 0x7a, 0x65, 0x3b, 0x73, 0x65, 0x71, 0x75, 0x65, 
0x6e, 0x74, 0x69, 0x61, 0x6c, 0x5f, 0x31, 0x2f, 0x63, 0x6f, 0x6e, 0x76, 
0x31, 0x64, 0x5f, 0x31, 0x2f, 0x53, 0x71, 0x75, 0x65, 0x65, 0x7a, 0x65, 
0x3b, 0x73, 0x65, 0x71, 0x75, 0x65, 0x6e, 0x74, 0x69, 0x61, 0x6c, 0x5f, 
0x31, 0x2f, 0x63, 0x6f, 0x6e, 0x76, 0x31, 0x64, 0x5f, 0x31, 0x2f, 0x63, 
0x6f, 0x6e, 0x76, 0x6f, 0x6c, 0x75, 0x74, 0x69, 0x6f, 0x6e, 0x31, 0x00, 
0x04, 0x00, 0x00, 0x00, 0x01, 0x00, 0x00, 0x00, 0x01, 0x00, 0x00, 0x00, 
0x30, 0x00, 0x00, 0x00, 0x08, 0x00, 0x00, 0x00, 0x02, 0xf9, 0xff, 0xff, 
0x00, 0x00, 0x00, 0x01, 0x14, 0x00, 0x00, 0x00, 0x24, 0x00, 0x00, 0x00, 
0x24, 0x00, 0x00, 0x00, 0x13, 0x00, 0x00, 0x00, 0x50, 0x00, 0x00, 0x00, 
0x04, 0x00, 0x00, 0x00, 0xff, 0xff, 0xff, 0xff, 0x01, 0x00, 0x00, 0x00, 
0x32, 0x00, 0x00, 0x00, 0x01, 0x00, 0x00, 0x00, 0xf0, 0xf8, 0xff, 0xff, 
0x2c, 0x00, 0x00, 0x00, 0x73, 0x65, 0x71, 0x75, 0x65, 0x6e, 0x74, 0x69, 
0x61, 0x6c, 0x5f, 0x31, 0x2f, 0x63, 0x6f, 0x6e, 0x76, 0x31, 0x64, 0x5f, 
0x31, 0x2f, 0x63, 0x6f, 0x6e, 0x76, 0x6f, 0x6c, 0x75, 0x74, 0x69, 0x6f, 
0x6e, 0x2f, 0x45, 0x78, 0x70, 0x61, 0x6e, 0x64, 0x44, 0x69, 0x6d, 0x73, 
0x00, 0x00, 0x00, 0x00, 0x04, 0x00, 0x00, 0x00, 0x01, 0x00, 0x00, 0x00, 
0x01, 0x00, 0x00, 0x00, 0x32, 0x00, 0x00, 0x00, 0x01, 0x00, 0x00, 0x00, 
0x5a, 0xfc, 0xff, 0xff, 0x00, 0x00, 0x00, 0x01, 0x14, 0x00, 0x00, 0x00, 
0x14, 0x00, 0x00, 0x00, 0x12, 0x00, 0x00, 0x00, 0x00, 0x00, 0x00, 0x02, 
0x1c, 0x00, 0x00, 0x00, 0x58, 0xf9, 0xff, 0xff, 0x0f, 0x00, 0x00, 0x00, 
0x61, 0x72, 0x69, 0x74, 0x68, 0x2e, 0x63, 0x6f, 0x6e, 0x73, 0x74, 0x61, 
0x6e, 0x74, 0x32, 0x00, 0x00, 0x00, 0x00, 0x00, 0x92, 0xfc, 0xff, 0xff, 
0x00, 0x00, 0x00, 0x01, 0x14, 0x00, 0x00, 0x00, 0x14, 0x00, 0x00, 0x00, 
0x11, 0x00, 0x00, 0x00, 0x00, 0x00, 0x00, 0x02, 0x34, 0x00, 0x00, 0x00, 
0x90, 0xf9, 0xff, 0xff, 0x26, 0x00, 0x00, 0x00, 0x73, 0x65, 0x71, 0x75, 
0x65, 0x6e, 0x74, 0x69, 0x61, 0x6c, 0x5f, 0x31, 0x2f, 0x66, 0x6c, 0x61, 
0x74, 0x74, 0x65, 0x6e, 0x5f, 0x31, 0x2f, 0x52, 0x65, 0x73, 0x68, 0x61, 
0x70, 0x65, 0x2f, 0x73, 0x68, 0x61, 0x70, 0x65, 0x2f, 0x31, 0x00, 0x00, 
0x00, 0x00, 0x00, 0x00, 0xe2, 0xfc, 0xff, 0xff, 0x00, 0x00, 0x00, 0x01, 
0x14, 0x00, 0x00, 0x00, 0x14, 0x00, 0x00, 0x00, 0x10, 0x00, 0x00, 0x00, 
0x00, 0x00, 0x00, 0x02, 0x38, 0x00, 0x00, 0x00, 0xe0, 0xf9, 0xff, 0xff, 
0x2a, 0x00, 0x00, 0x00, 0x73, 0x65, 0x71, 0x75, 0x65, 0x6e, 0x74, 0x69, 
0x61, 0x6c, 0x5f, 0x31, 0x2f, 0x66, 0x6c, 0x61, 0x74, 0x74, 0x65, 0x6e, 
0x5f, 0x31, 0x2f, 0x73, 0x74, 0x72, 0x69, 0x64, 0x65, 0x64, 0x5f, 0x73, 
0x6c, 0x69, 0x63, 0x65, 0x2f, 0x73, 0x74, 0x61, 0x63, 0x6b, 0x00, 0x00, 
0x01, 0x00, 0x00, 0x00, 0x01, 0x00, 0x00, 0x00, 0x3a, 0xfd, 0xff, 0xff, 
0x00, 0x00, 0x00, 0x01, 0x14, 0x00, 0x00, 0x00, 0x14, 0x00, 0x00, 0x00, 
0x0e, 0x00, 0x00, 0x00, 0x00, 0x00, 0x00, 0x02, 0x1c, 0x00, 0x00, 0x00, 
0x38, 0xfa, 0xff, 0xff, 0x0f, 0x00, 0x00, 0x00, 0x61, 0x72, 0x69, 0x74, 
0x68, 0x2e, 0x63, 0x6f, 0x6e, 0x73, 0x74, 0x61, 0x6e, 0x74, 0x31, 0x00, 
0x01, 0x00, 0x00, 0x00, 0x01, 0x00, 0x00, 0x00, 0x76, 0xfd, 0xff, 0xff, 
0x00, 0x00, 0x00, 0x01, 0x14, 0x00, 0x00, 0x00, 0x14, 0x00, 0x00, 0x00, 
0x0e, 0x00, 0x00, 0x00, 0x00, 0x00, 0x00, 0x02, 0x1c, 0x00, 0x00, 0x00, 
0x74, 0xfa, 0xff, 0xff, 0x0e, 0x00, 0x00, 0x00, 0x61, 0x72, 0x69, 0x74, 
0x68, 0x2e, 0x63, 0x6f, 0x6e, 0x73, 0x74, 0x61, 0x6e, 0x74, 0x00, 0x00, 
0x00, 0x00, 0x00, 0x00, 0x4a, 0xfb, 0xff, 0xff, 0x00, 0x00, 0x00, 0x01, 
0x10, 0x00, 0x00, 0x00, 0x10, 0x00, 0x00, 0x00, 0x0d, 0x00, 0x00, 0x00, 
0x28, 0x00, 0x00, 0x00, 0xa8, 0xfa, 0xff, 0xff, 0x1b, 0x00, 0x00, 0x00, 
0x73, 0x65, 0x71, 0x75, 0x65, 0x6e, 0x74, 0x69, 0x61, 0x6c, 0x5f, 0x31, 
0x2f, 0x64, 0x65, 0x6e, 0x73, 0x65, 0x5f, 0x31, 0x2f, 0x4d, 0x61, 0x74, 
0x4d, 0x75, 0x6c, 0x00, 0x02, 0x00, 0x00, 0x00, 0x10, 0x00, 0x00, 0x00, 
0xb0, 0x00, 0x00, 0x00, 0x92, 0xfb, 0xff, 0xff, 0x00, 0x00, 0x00, 0x01, 
0x10, 0x00, 0x00, 0x00, 0x10, 0x00, 0x00, 0x00, 0x0c, 0x00, 0x00, 0x00, 
0x2c, 0x00, 0x00, 0x00, 0xf0, 0xfa, 0xff, 0xff, 0x1d, 0x00, 0x00, 0x00, 
0x73, 0x65, 0x71, 0x75, 0x65, 0x6e, 0x74, 0x69, 0x61, 0x6c, 0x5f, 0x31, 
0x2f, 0x64, 0x65, 0x6e, 0x73, 0x65, 0x5f, 0x31, 0x5f, 0x32, 0x2f, 0x4d, 
0x61, 0x74, 0x4d, 0x75, 0x6c, 0x00, 0x00, 0x00, 0x02, 0x00, 0x00, 0x00, 
0x03, 0x00, 0x00, 0x00, 0x10, 0x00, 0x00, 0x00, 0xde, 0xfb, 0xff, 0xff, 
0x00, 0x00, 0x00, 0x01, 0x10, 0x00, 0x00, 0x00, 0x10, 0x00, 0x00, 0x00, 
0x0b, 0x00, 0x00, 0x00, 0x30, 0x00, 0x00, 0x00, 0x3c, 0xfb, 0xff, 0xff, 
0x21, 0x00, 0x00, 0x00, 0x73, 0x65, 0x71, 0x75, 0x65, 0x6e, 0x74, 0x69, 
0x61, 0x6c, 0x5f, 0x31, 0x2f, 0x63, 0x6f, 0x6e, 0x76, 0x31, 0x64, 0x5f, 
0x31, 0x2f, 0x63, 0x6f, 0x6e, 0x76, 0x6f, 0x6c, 0x75, 0x74, 0x69, 0x6f, 
0x6e, 0x00, 0x00, 0x00, 0x04, 0x00, 0x00, 0x00, 0x08, 0x00, 0x00, 0x00, 
0x01, 0x00, 0x00, 0x00, 0x03, 0x00, 0x00, 0x00, 0x01, 0x00, 0x00, 0x00, 
0x36, 0xfc, 0xff, 0xff, 0x00, 0x00, 0x00, 0x01, 0x10, 0x00, 0x00, 0x00, 
0x10, 0x00, 0x00, 0x00, 0x0a, 0x00, 0x00, 0x00, 0x30, 0x00, 0x00, 0x00, 
0x94, 0xfb, 0xff, 0xff, 0x23, 0x00, 0x00, 0x00, 0x73, 0x65, 0x71, 0x75, 
0x65, 0x6e, 0x74, 0x69, 0x61, 0x6c, 0x5f, 0x31, 0x2f, 0x63, 0x6f, 0x6e, 
0x76, 0x31, 0x64, 0x5f, 0x31, 0x5f, 0x32, 0x2f, 0x63, 0x6f, 0x6e, 0x76, 
0x6f, 0x6c, 0x75, 0x74, 0x69, 0x6f, 0x6e, 0x00, 0x04, 0x00, 0x00, 0x00, 
0x10, 0x00, 0x00, 0x00, 0x01, 0x00, 0x00, 0x00, 0x03, 0x00, 0x00, 0x00, 
0x08, 0x00, 0x00, 0x00, 0xf2, 0xfe, 0xff, 0xff, 0x00, 0x00, 0x00, 0x01, 
0x14, 0x00, 0x00, 0x00, 0x14, 0x00, 0x00, 0x00, 0x09, 0x00, 0x00, 0x00, 
0x00, 0x00, 0x00, 0x02, 0x38, 0x00, 0x00, 0x00, 0xf0, 0xfb, 0xff, 0xff, 
0x29, 0x00, 0x00, 0x00, 0x73, 0x65, 0x71, 0x75, 0x65, 0x6e, 0x74, 0x69, 
0x61, 0x6c, 0x5f, 0x31, 0x2f, 0x63, 0x6f, 0x6e, 0x76, 0x31, 0x64, 0x5f, 
0x31, 0x2f, 0x63, 0x6f, 0x6e, 0x76, 0x6f, 0x6c, 0x75, 0x74, 0x69, 0x6f, 
0x6e, 0x2f, 0x53, 0x71, 0x75, 0x65, 0x65, 0x7a, 0x65, 0x00, 0x00, 0x00, 
0x01, 0x00, 0x00, 0x00, 0x03, 0x00, 0x00, 0x00, 0x4a, 0xff, 0xff, 0xff, 
0x00, 0x00, 0x00, 0x01, 0x14, 0x00, 0x00, 0x00, 0x14, 0x00, 0x00, 0x00, 
0x08, 0x00, 0x00, 0x00, 0x00, 0x00, 0x00, 0x02, 0x3c, 0x00, 0x00, 0x00, 
0x48, 0xfc, 0xff, 0xff, 0x2e, 0x00, 0x00, 0x00, 0x73, 0x65, 0x71, 0x75, 
0x65, 0x6e, 0x74, 0x69, 0x61, 0x6c, 0x5f, 0x31, 0x2f, 0x6d, 0x61, 0x78, 
0x5f, 0x70, 0x6f, 0x6f, 0x6c, 0x69, 0x6e, 0x67, 0x31, 0x64, 0x5f, 0x31, 
0x2f, 0x4d, 0x61, 0x78, 0x50, 0x6f, 0x6f, 0x6c, 0x31, 0x64, 0x2f, 0x53, 
0x71, 0x75, 0x65, 0x65, 0x7a, 0x65, 0x00, 0x00, 0x01, 0x00, 0x00, 0x00, 
0x03, 0x00, 0x00, 0x00, 0xa6, 0xff, 0xff, 0xff, 0x00, 0x00, 0x00, 0x01, 
0x14, 0x00, 0x00, 0x00, 0x14, 0x00, 0x00, 0x00, 0x07, 0x00, 0x00, 0x00, 
0x00, 0x00, 0x00, 0x02, 0x38, 0x00, 0x00, 0x00, 0xa4, 0xfc, 0xff, 0xff, 
0x2b, 0x00, 0x00, 0x00, 0x73, 0x65, 0x71, 0x75, 0x65, 0x6e, 0x74, 0x69, 
0x61, 0x6c, 0x5f, 0x31, 0x2f, 0x63, 0x6f, 0x6e, 0x76, 0x31, 0x64, 0x5f, 
0x31, 0x5f, 0x32, 0x2f, 0x63, 0x6f, 0x6e, 0x76, 0x6f, 0x6c, 0x75, 0x74, 
0x69, 0x6f, 0x6e, 0x2f, 0x53, 0x71, 0x75, 0x65, 0x65, 0x7a, 0x65, 0x00, 
0x01, 0x00, 0x00, 0x00, 0x03, 0x00, 0x00, 0x00, 0x00, 0x00, 0x16, 0x00, 
0x1c, 0x00, 0x18, 0x00, 0x17, 0x00, 0x10, 0x00, 0x0c, 0x00, 0x08, 0x00, 
0x00, 0x00, 0x00, 0x00, 0x00, 0x00, 0x07, 0x00, 0x16, 0x00, 0x00, 0x00, 
0x00, 0x00, 0x00, 0x01, 0x14, 0x00, 0x00, 0x00, 0x14, 0x00, 0x00, 0x00, 
0x06, 0x00, 0x00, 0x00, 0x00, 0x00, 0x00, 0x02, 0x40, 0x00, 0x00, 0x00, 
0x14, 0xfd, 0xff, 0xff, 0x30, 0x00, 0x00, 0x00, 0x73, 0x65, 0x71, 0x75, 
0x65, 0x6e, 0x74, 0x69, 0x61, 0x6c, 0x5f, 0x31, 0x2f, 0x6d, 0x61, 0x78, 
0x5f, 0x70, 0x6f, 0x6f, 0x6c, 0x69, 0x6e, 0x67, 0x31, 0x64, 0x5f, 0x31, 
0x5f, 0x32, 0x2f, 0x4d, 0x61, 0x78, 0x50, 0x6f, 0x6f, 0x6c, 0x31, 0x64, 
0x2f, 0x53, 0x71, 0x75, 0x65, 0x65, 0x7a, 0x65, 0x00, 0x00, 0x00, 0x00, 
0x01, 0x00, 0x00, 0x00, 0x03, 0x00, 0x00, 0x00, 0x12, 0xfe, 0xff, 0xff, 
0x00, 0x00, 0x00, 0x01, 0x10, 0x00, 0x00, 0x00, 0x10, 0x00, 0x00, 0x00, 
0x05, 0x00, 0x00, 0x00, 0x2c, 0x00, 0x00, 0x00, 0x70, 0xfd, 0xff, 0xff, 
0x1e, 0x00, 0x00, 0x00, 0x73, 0x65, 0x71, 0x75, 0x65, 0x6e, 0x74, 0x69, 
0x61, 0x6c, 0x5f, 0x31, 0x2f, 0x64, 0x65, 0x6e, 0x73, 0x65, 0x5f, 0x31, 
0x5f, 0x32, 0x2f, 0x42, 0x69, 0x61, 0x73, 0x41, 0x64, 0x64, 0x00, 0x00, 
0x01, 0x00, 0x00, 0x00, 0x03, 0x00, 0x00, 0x00, 0x5a, 0xfe, 0xff, 0xff, 
0x00, 0x00, 0x00, 0x01, 0x10, 0x00, 0x00, 0x00, 0x10, 0x00, 0x00, 0x00, 
0x04, 0x00, 0x00, 0x00, 0xb0, 0x00, 0x00, 0x00, 0xb8, 0xfd, 0xff, 0xff, 
0xa2, 0x00, 0x00, 0x00, 0x73, 0x65, 0x71, 0x75, 0x65, 0x6e, 0x74, 0x69, 
0x61, 0x6c, 0x5f, 0x31, 0x2f, 0x63, 0x6f, 0x6e, 0x76, 0x31, 0x64, 0x5f, 
0x31, 0x2f, 0x52, 0x65, 0x6c, 0x75, 0x3b, 0x73, 0x65, 0x71, 0x75, 0x65, 
0x6e, 0x74, 0x69, 0x61, 0x6c, 0x5f, 0x31, 0x2f, 0x63, 0x6f, 0x6e, 0x76, 
0x31, 0x64, 0x5f, 0x31, 0x2f, 0x42, 0x69, 0x61, 0x73, 0x41, 0x64, 0x64, 
0x3b, 0x73, 0x65, 0x71, 0x75, 0x65, 0x6e, 0x74, 0x69, 0x61, 0x6c, 0x5f, 
0x31, 0x2f, 0x63, 0x6f, 0x6e, 0x76, 0x31, 0x64, 0x5f, 0x31, 0x2f, 0x63, 
0x6f, 0x6e, 0x76, 0x6f, 0x6c, 0x75, 0x74, 0x69, 0x6f, 0x6e, 0x2f, 0x53, 
0x71, 0x75, 0x65, 0x65, 0x7a, 0x65, 0x3b, 0x73, 0x65, 0x71, 0x75, 0x65, 
0x6e, 0x74, 0x69, 0x61, 0x6c, 0x5f, 0x31, 0x2f, 0x63, 0x6f, 0x6e, 0x76, 
0x31, 0x64, 0x5f, 0x31, 0x2f, 0x53, 0x71, 0x75, 0x65, 0x65, 0x7a, 0x65, 
0x3b, 0x73, 0x65, 0x71, 0x75, 0x65, 0x6e, 0x74, 0x69, 0x61, 0x6c, 0x5f, 
0x31, 0x2f, 0x63, 0x6f, 0x6e, 0x76, 0x31, 0x64, 0x5f, 0x31, 0x2f, 0x63, 
0x6f, 0x6e, 0x76, 0x6f, 0x6c, 0x75, 0x74, 0x69, 0x6f, 0x6e, 0x00, 0x00, 
0x01, 0x00, 0x00, 0x00, 0x08, 0x00, 0x00, 0x00, 0x26, 0xff, 0xff, 0xff, 
0x00, 0x00, 0x00, 0x01, 0x10, 0x00, 0x00, 0x00, 0x10, 0x00, 0x00, 0x00, 
0x03, 0x00, 0x00, 0x00, 0xbc, 0x00, 0x00, 0x00, 0x84, 0xfe, 0xff, 0xff, 
0xac, 0x00, 0x00, 0x00, 0x73, 0x65, 0x71, 0x75, 0x65, 0x6e, 0x74, 0x69, 
0x61, 0x6c, 0x5f, 0x31, 0x2f, 0x63, 0x6f, 0x6e, 0x76, 0x31, 0x64, 0x5f, 
0x31, 0x5f, 0x32, 0x2f, 0x52, 0x65, 0x6c, 0x75, 0x3b, 0x73, 0x65, 0x71, 
0x75, 0x65, 0x6e, 0x74, 0x69, 0x61, 0x6c, 0x5f, 0x31, 0x2f, 0x63, 0x6f, 
0x6e, 0x76, 0x31, 0x64, 0x5f, 0x31, 0x5f, 0x32, 0x2f, 0x42, 0x69, 0x61, 
0x73, 0x41, 0x64, 0x64, 0x3b, 0x73, 0x65, 0x71, 0x75, 0x65, 0x6e, 0x74, 
0x69, 0x61, 0x6c, 0x5f, 0x31, 0x2f, 0x63, 0x6f, 0x6e, 0x76, 0x31, 0x64, 
0x5f, 0x31, 0x5f, 0x32, 0x2f, 0x63, 0x6f, 0x6e, 0x76, 0x6f, 0x6c, 0x75, 
0x74, 0x69, 0x6f, 0x6e, 0x2f, 0x53, 0x71, 0x75, 0x65, 0x65, 0x7a, 0x65, 
0x3b, 0x73, 0x65, 0x71, 0x75, 0x65, 0x6e, 0x74, 0x69, 0x61, 0x6c, 0x5f, 
0x31, 0x2f, 0x63, 0x6f, 0x6e, 0x76, 0x31, 0x64, 0x5f, 0x31, 0x5f, 0x32, 
0x2f, 0x53, 0x71, 0x75, 0x65, 0x65, 0x7a, 0x65, 0x3b, 0x73, 0x65, 0x71, 
0x75, 0x65, 0x6e, 0x74, 0x69, 0x61, 0x6c, 0x5f, 0x31, 0x2f, 0x63, 0x6f, 
0x6e, 0x76, 0x31, 0x64, 0x5f, 0x31, 0x5f, 0x32, 0x2f, 0x63, 0x6f, 0x6e, 
0x76, 0x6f, 0x6c, 0x75, 0x74, 0x69, 0x6f, 0x6e, 0x00, 0x00, 0x00, 0x00, 
0x01, 0x00, 0x00, 0x00, 0x10, 0x00, 0x00, 0x00, 0x00, 0x00, 0x16, 0x00, 
0x18, 0x00, 0x14, 0x00, 0x00, 0x00, 0x10, 0x00, 0x0c, 0x00, 0x08, 0x00, 
0x00, 0x00, 0x00, 0x00, 0x00, 0x00, 0x07, 0x00, 0x16, 0x00, 0x00, 0x00, 
0x00, 0x00, 0x00, 0x01, 0x10, 0x00, 0x00, 0x00, 0x10, 0x00, 0x00, 0x00, 
0x02, 0x00, 0x00, 0x00, 0x44, 0x00, 0x00, 0x00, 0x74, 0xff, 0xff, 0xff, 
0x36, 0x00, 0x00, 0x00, 0x73, 0x65, 0x71, 0x75, 0x65, 0x6e, 0x74, 0x69, 
0x61, 0x6c, 0x5f, 0x31, 0x2f, 0x64, 0x65, 0x6e, 0x73, 0x65, 0x5f, 0x31, 
0x2f, 0x52, 0x65, 0x6c, 0x75, 0x3b, 0x73, 0x65, 0x71, 0x75, 0x65, 0x6e, 
0x74, 0x69, 0x61, 0x6c, 0x5f, 0x31, 0x2f, 0x64, 0x65, 0x6e, 0x73, 0x65, 
0x5f, 0x31, 0x2f, 0x42, 0x69, 0x61, 0x73, 0x41, 0x64, 0x64, 0x00, 0x00, 
0x01, 0x00, 0x00, 0x00, 0x10, 0x00, 0x00, 0x00, 0x00, 0x00, 0x16, 0x00, 
0x1c, 0x00, 0x18, 0x00, 0x00, 0x00, 0x14, 0x00, 0x10, 0x00, 0x0c, 0x00, 
0x00, 0x00, 0x00, 0x00, 0x08, 0x00, 0x07, 0x00, 0x16, 0x00, 0x00, 0x00, 
0x00, 0x00, 0x00, 0x01, 0x14, 0x00, 0x00, 0x00, 0x24, 0x00, 0x00, 0x00, 
0x24, 0x00, 0x00, 0x00, 0x01, 0x00, 0x00, 0x00, 0x40, 0x00, 0x00, 0x00, 
0x03, 0x00, 0x00, 0x00, 0xff, 0xff, 0xff, 0xff, 0x32, 0x00, 0x00, 0x00, 
0x01, 0x00, 0x00, 0x00, 0x04, 0x00, 0x04, 0x00, 0x04, 0x00, 0x00, 0x00, 
0x1e, 0x00, 0x00, 0x00, 0x73, 0x65, 0x72, 0x76, 0x69, 0x6e, 0x67, 0x5f, 
0x64, 0x65, 0x66, 0x61, 0x75, 0x6c, 0x74, 0x5f, 0x6b, 0x65, 0x72, 0x61, 
0x73, 0x5f, 0x74, 0x65, 0x6e, 0x73, 0x6f, 0x72, 0x3a, 0x30, 0x00, 0x00, 
0x03, 0x00, 0x00, 0x00, 0x01, 0x00, 0x00, 0x00, 0x32, 0x00, 0x00, 0x00, 
0x01, 0x00, 0x00, 0x00, 0x09, 0x00, 0x00, 0x00, 0x90, 0x00, 0x00, 0x00, 
0x74, 0x00, 0x00, 0x00, 0x64, 0x00, 0x00, 0x00, 0x54, 0x00, 0x00, 0x00, 
0x44, 0x00, 0x00, 0x00, 0x34, 0x00, 0x00, 0x00, 0x24, 0x00, 0x00, 0x00, 
0x14, 0x00, 0x00, 0x00, 0x04, 0x00, 0x00, 0x00, 0xa0, 0xff, 0xff, 0xff, 
0x19, 0x00, 0x00, 0x00, 0x00, 0x00, 0x00, 0x19, 0xac, 0xff, 0xff, 0xff, 
0x09, 0x00, 0x00, 0x00, 0x00, 0x00, 0x00, 0x09, 0xb8, 0xff, 0xff, 0xff, 
0x53, 0x00, 0x00, 0x00, 0x00, 0x00, 0x00, 0x53, 0xc4, 0xff, 0xff, 0xff, 
0x2d, 0x00, 0x00, 0x00, 0x00, 0x00, 0x00, 0x2d, 0xd0, 0xff, 0xff, 0xff, 
0x4d, 0x00, 0x00, 0x00, 0x00, 0x00, 0x00, 0x4d, 0xdc, 0xff, 0xff, 0xff, 
0x11, 0x00, 0x00, 0x00, 0x00, 0x00, 0x00, 0x11, 0xe8, 0xff, 0xff, 0xff, 
0x16, 0x00, 0x00, 0x00, 0x00, 0x00, 0x00, 0x16, 0xf4, 0xff, 0xff, 0xff, 
0x03, 0x00, 0x00, 0x00, 0x00, 0x00, 0x00, 0x03, 0x0c, 0x00, 0x0c, 0x00, 
0x0b, 0x00, 0x00, 0x00, 0x00, 0x00, 0x04, 0x00, 0x0c, 0x00, 0x00, 0x00, 
0x46, 0x00, 0x00, 0x00, 0x00, 0x00, 0x00, 0x46, };
const int posture_model_tflite_len = 20072;
